Rk,Player,Pos,Age,Tm,G,MP,PER,TS%,3PAr,FTr,ORB%,DRB%,TRB%,AST%,STL%,BLK%,TOV%,USG%,,OWS,DWS,WS,WS/48,,OBPM,DBPM,BPM,VORP
1,Shareef Abdur-Rahim\abdursh01,PF,29,SAC,72,1961,17.2,0.588,0.035,0.44,6.4,14.8,10.6,13.2,1.3,1.6,12.5,20.1,,4,2.2,6.2,0.152,,0.5,0.4,0.9,1.4
2,Alex Acker\ackeral01,SG,23,DET,5,35,-2.4,0.281,0.313,0,3.4,13.7,8.5,17.9,1.6,0,20,27.2,,-0.2,0,-0.2,-0.23,,-11,-4.2,-15.3,-0.1
3,Malik Allen\allenma01,PF,27,CHI,54,701,11.5,0.504,0.004,0.154,7.2,15.7,11.5,4.9,1,1.8,11.4,19.2,,0,1,1,0.068,,-3,0.3,-2.7,-0.1
4,Ray Allen*\allenra02,SG,30,SEA,78,3022,22.2,0.59,0.435,0.239,2.8,10.6,6.6,17.2,1.8,0.4,10.2,27.4,,9.8,-0.3,9.5,0.15,,6.4,-2,4.4,4.9
5,Tony Allen\allento01,PG,24,BOS,51,978,12.9,0.554,0.124,0.489,4.1,9.6,6.9,11.2,2.7,1.4,16.8,18.8,,0.6,1,1.7,0.082,,-2.3,0.9,-1.4,0.1
6,Rafer Alston\alstora01,PG,29,HOU,63,2431,12.6,0.475,0.423,0.194,1.8,10.4,6.1,30.8,2.3,0.5,16.4,18.8,,0.2,3.1,3.4,0.067,,-1,0.6,-0.4,1
7,Chris Andersen\anderch01,C,27,NOK,32,570,14.1,0.562,0,1.051,12.4,20.2,16.2,1.7,0.8,5.9,15.4,13.9,,0.6,0.7,1.3,0.112,,-2,0.9,-1.2,0.1
8,Alan Anderson\anderal01,SF,23,CHA,36,564,10.4,0.52,0.32,0.227,4.4,10.3,7.2,9.3,1,0.6,13.9,18.2,,0.2,0.3,0.4,0.037,,-1.7,-1.7,-3.3,-0.2
9,Derek Anderson\anderde01,SG,31,TOT,43,1047,10.8,0.496,0.442,0.366,2.4,13.3,8,15.7,1.2,0.5,13.3,18.2,,0.5,1.1,1.6,0.074,,-1.3,0.1,-1.2,0.2
9,Derek Anderson\anderde01,SG,31,HOU,20,582,12.5,0.527,0.387,0.422,2.5,14.1,8.4,16.1,1.4,0.6,15.3,19.8,,0.3,0.7,1,0.084,,-0.4,0.7,0.3,0.3
9,Derek Anderson\anderde01,SG,31,MIA,23,465,8.7,0.453,0.515,0.292,2.4,12.4,7.6,15.1,0.9,0.3,10.4,16.3,,0.2,0.4,0.6,0.061,,-2.4,-0.7,-3.1,-0.1
10,Shandon Anderson\andersh01,SF,32,MIA,48,638,6.2,0.47,0.151,0.143,3.5,11.1,7.5,6.9,1.4,0.7,15.2,11.4,,-0.1,0.7,0.5,0.039,,-4.1,0.4,-3.7,-0.3
11,Martynas Andriuškevičius\andrima01,C,19,CLE,6,9,15.5,0,0,0,13,39.8,26.3,0,11.9,0,0,5.1,,0,0,0,0.155,,-1.8,7,5.2,0
12,Carmelo Anthony\anthoca01,SF,21,DEN,80,2941,22,0.563,0.097,0.451,4.9,10.7,7.8,14.3,1.5,1.1,10.4,32,,6.8,2.6,9.4,0.153,,3.5,-0.9,2.7,3.5
13,Rafael Araújo\araujra01,C,25,TOR,52,601,4.5,0.385,0.007,0.193,8.4,21.5,14.6,3.7,2.1,0.8,21.1,15.3,,-1.2,0.4,-0.8,-0.066,,-6.7,-1,-7.7,-0.9
14,Gilbert Arenas\arenagi01,PG,24,WAS,80,3384,23.8,0.581,0.324,0.479,2,7.8,4.8,27,2.5,0.6,12.8,30.5,,11,2.6,13.6,0.193,,5.4,0,5.4,6.3
15,Trevor Ariza\arizatr01,SF,20,TOT,57,999,11.8,0.468,0.022,0.562,9.6,17.1,13.3,9.8,3,0.9,18,15.8,,-0.1,1,0.9,0.043,,-1.8,1.1,-0.7,0.3
15,Trevor Ariza\arizatr01,SF,20,NYK,36,709,10.2,0.459,0.021,0.527,8.3,15.3,11.7,10.4,3.2,1,20.4,14.4,,-0.4,0.6,0.3,0.02,,-2.4,1.5,-0.9,0.2
15,Trevor Ariza\arizatr01,SF,20,ORL,21,290,15.8,0.485,0.025,0.625,12.7,21.5,17.3,8.3,2.6,0.5,13.6,19.3,,0.2,0.4,0.6,0.101,,-0.2,0,-0.3,0.1
16,Darrell Armstrong\armstda01,PG,37,DAL,62,622,7.3,0.444,0.375,0.328,3.6,12,7.8,20.6,2.4,0.4,28.4,15.4,,-0.7,0.7,0,0.003,,-4.2,0.2,-4,-0.3
17,Carlos Arroyo\arroyca01,PG-SG,26,TOT,77,1194,15.6,0.512,0.053,0.362,3.3,9.8,6.6,31.6,1.7,0.2,15.9,20.7,,1.6,1.1,2.7,0.107,,-0.1,-0.4,-0.5,0.5
17,Carlos Arroyo\arroyca01,PG,26,DET,50,600,12.5,0.433,0.038,0.369,4.7,9.2,6.9,39.3,1.8,0.4,19.8,18,,0.3,0.7,1,0.079,,-2.1,-0.1,-2.2,0
17,Carlos Arroyo\arroyca01,SG,26,ORL,27,594,18.8,0.569,0.063,0.357,1.9,10.3,6.2,23.8,1.7,0.1,12.9,23.4,,1.3,0.4,1.7,0.135,,1.9,-0.6,1.3,0.5
18,Chucky Atkins\atkinch01,PG-SG,31,TOT,71,1713,12.9,0.526,0.478,0.284,1.6,6.8,4.2,20,1.4,0.1,11.9,20.2,,2.1,1.4,3.6,0.1,,-0.1,-0.8,-0.9,0.4
18,Chucky Atkins\atkinch01,SG,31,WAS,28,552,10.4,0.498,0.529,0.178,2.5,7.2,4.7,19.8,1.3,0,13.8,17.6,,0.4,0.2,0.6,0.056,,-0.6,-1,-1.6,0
18,Chucky Atkins\atkinch01,PG,31,MEM,43,1161,14.1,0.537,0.456,0.331,1.2,6.6,3.9,20.1,1.4,0.1,11.1,21.5,,1.7,1.2,2.9,0.121,,0.1,-0.8,-0.6,0.4
19,Stacey Augmon\augmost01,SF,37,ORL,36,385,7.6,0.412,0,0.411,5.9,10.9,8.5,9,1.7,1.2,11.3,12,,0,0.3,0.3,0.033,,-2.7,0.6,-2.1,0
20,Vin Baker\bakervi01,C,34,LAC,8,85,11.2,0.589,0,1.2,2.9,22.2,13,7,2.5,3.5,28.2,17.4,,0,0.2,0.1,0.072,,-4.9,2.5,-2.4,0
21,Marcus Banks\banksma01,PG,24,TOT,58,1497,13.6,0.543,0.135,0.314,1.9,8.8,5.4,25.3,1.9,0.6,18.3,20.6,,0.9,1.4,2.3,0.074,,-1.4,-0.2,-1.7,0.1
21,Marcus Banks\banksma01,PG,24,BOS,18,269,9.4,0.531,0.238,0.375,1.9,6.6,4.3,19.2,1.4,0,19.8,19.9,,0,0.1,0.2,0.033,,-3.8,-2,-5.9,-0.3
21,Marcus Banks\banksma01,PG,24,MIN,40,1228,14.5,0.545,0.113,0.302,1.9,9.2,5.7,26.6,2.1,0.7,17.9,20.7,,0.8,1.3,2.1,0.083,,-0.9,0.2,-0.7,0.4
22,Leandro Barbosa\barbole01,SG,23,PHO,57,1592,15.1,0.589,0.346,0.259,2.2,8.1,5.2,14.4,1.5,0.3,12.3,20.3,,2.6,1.2,3.8,0.115,,0.4,-0.5,-0.1,0.8
23,Matt Barnes\barnema02,PF-SF,25,TOT,56,631,10.7,0.545,0.107,0.336,8.9,13.7,11.3,7,1.6,0.8,15.7,13.8,,0.5,0.4,1,0.075,,-3,-0.1,-3.1,-0.2
23,Matt Barnes\barnema02,SF,25,NYK,6,93,9.8,0.409,0.133,0.133,9.1,22.5,15.7,10.9,2.3,0,15.9,18.4,,-0.1,0.1,0,-0.012,,-2.3,1.1,-1.1,0
23,Matt Barnes\barnema02,PF,25,PHI,50,538,10.8,0.578,0.1,0.391,8.9,12.2,10.5,6.3,1.5,1,15.7,13,,0.6,0.4,1,0.09,,-3.1,-0.3,-3.4,-0.2
24,Andre Barrett\barrean01,PG,23,TOT,19,282,11.3,0.398,0.135,0.115,3.7,7.1,5.4,29.5,1.9,0,12.1,20.3,,-0.1,0,-0.1,-0.019,,-1.7,-2,-3.6,-0.1
24,Andre Barrett\barrean01,PG,23,PHO,2,21,14.1,0.541,0.143,0.429,5.4,10.3,7.9,13.3,0,0,10.7,19.9,,0,0,0,0.109,,0.5,-2.4,-1.9,0
24,Andre Barrett\barrean01,PG,23,TOR,17,261,11,0.386,0.134,0.093,3.6,6.8,5.2,30.9,2,0,12.2,20.4,,-0.2,0,-0.2,-0.029,,-1.9,-1.9,-3.8,-0.1
25,Earl Barron\barroea01,C,24,MIA,8,45,-2.8,0.366,0,0.25,5.5,20.1,13.1,0,0,0,22,23.4,,-0.2,0,-0.2,-0.167,,-13.4,-4.3,-17.7,-0.2
26,Brent Barry\barrybr01,SG,34,SAS,74,1259,14.8,0.581,0.586,0.171,2.8,11.9,7.5,15.5,1.7,1.5,12.3,16,,2.1,2.2,4.3,0.162,,1.4,2,3.4,1.7
27,Jon Barry\barryjo01,SG,36,HOU,20,342,8.5,0.553,0.492,0.446,0.3,10.1,5.3,12.5,2.1,0.2,22.1,13.9,,0,0.4,0.4,0.055,,-3,1.5,-1.5,0
28,Eddie Basden\basdeed01,SF,22,CHI,19,141,10.3,0.471,0.189,0.27,5.7,17,11.4,8.8,3.3,1.1,17.9,16.1,,-0.1,0.3,0.2,0.065,,-3.9,3.2,-0.6,0
29,Brandon Bass\bassbr01,PF,20,NOK,29,268,9.1,0.434,0,0.271,7.8,22.8,15.1,1.8,0.6,2.2,12.3,15.6,,-0.2,0.3,0.1,0.013,,-3.6,-1.4,-5,-0.2
30,Esteban Batista\batises01,PF,22,ATL,57,495,7.1,0.489,0.013,0.663,14.4,20.7,17.5,2.1,1.6,1.7,26.9,13,,-0.2,0.3,0.1,0.011,,-6.2,-1.7,-7.9,-0.7
31,Tony Battie\battito01,C,29,ORL,82,2215,12.2,0.531,0.011,0.243,8.3,16.9,12.7,3.7,1.1,2.5,12.6,14.9,,1.7,2.2,3.8,0.083,,-1.7,0,-1.8,0.1
32,Shane Battier\battish01,SF,27,MEM,81,2839,14.7,0.574,0.266,0.335,7.1,11.2,9.2,8.2,1.8,3.2,11.2,13.7,,4.6,4.5,9.1,0.153,,0.8,1.8,2.6,3.3
33,Lonny Baxter\baxtelo01,C-PF,27,TOT,41,400,11.9,0.494,0,0.337,13.2,21.3,17.1,1.7,1.5,1.6,14.3,16.2,,0.1,0.6,0.7,0.088,,-3.7,-0.8,-4.5,-0.2
33,Lonny Baxter\baxtelo01,C,27,HOU,23,281,13.1,0.51,0,0.264,16.1,18.9,17.5,1.3,1.7,2,13.9,15.8,,0.2,0.5,0.7,0.119,,-3.6,-0.6,-4.2,-0.1
33,Lonny Baxter\baxtelo01,PF,27,CHA,18,119,9.2,0.461,0,0.5,6.4,27.1,16.1,2.6,0.9,0.7,15.2,17.2,,-0.1,0.1,0,0.014,,-3.8,-1.3,-5.2,-0.1
34,Charlie Bell\bellch01,SG,26,MIL,59,1283,14.7,0.55,0.41,0.217,1.9,9.3,5.6,16.6,2.4,0.3,8.4,17.5,,2.2,1.1,3.3,0.123,,0.1,0.8,1,0.9
35,Raja Bell\bellra01,SG,29,PHO,79,2959,12.9,0.584,0.48,0.157,1.7,7.7,4.7,9.8,1.3,0.5,8.2,16.4,,4.7,2.1,6.8,0.11,,0.2,0.1,0.2,1.6
36,Jonathan Bender\bendejo01,SF,25,IND,2,21,26.4,0.85,0,0.4,0,21.3,11,18.5,0,3.5,0,13,,0.1,0,0.2,0.359,,5.9,3.9,9.8,0.1
37,Mike Bibby\bibbymi01,PG,27,SAC,82,3167,17.9,0.554,0.36,0.292,1.1,7.7,4.4,25.2,1.4,0.2,11.3,25.4,,6,2.4,8.4,0.127,,2.7,-1.2,1.5,2.8
38,Andris Biedriņš\biedran01,C,19,GSW,68,1000,13.6,0.595,0,0.389,13.5,18.2,15.8,3.9,1.2,3.5,13.6,11.2,,1.6,1.3,2.9,0.137,,-2.3,0.6,-1.6,0.1
39,Chauncey Billups\billuch01,PG,29,DET,81,2925,23.4,0.602,0.42,0.514,1.6,8.7,5.1,39.3,1.3,0.2,12,22.9,,12.7,2.8,15.5,0.254,,6.2,0.1,6.2,6.1
40,Steve Blake\blakest01,PG,25,POR,68,1781,14.5,0.549,0.391,0.194,1.7,8.2,4.9,29,1.3,0.2,14,15.8,,3,-0.2,2.8,0.076,,1,-2,-1,0.4
41,Andray Blatche\blatcan01,PF,19,WAS,29,175,10.1,0.45,0.194,0.179,7.7,17.8,12.6,9.5,1.5,3.1,14.2,21.5,,-0.1,0.2,0.1,0.026,,-4.9,-0.1,-5,-0.1
42,Mark Blount\blounma01,C,30,TOT,81,2240,12.1,0.549,0,0.302,5.3,14.2,9.8,7.8,1,2.6,18.9,21.4,,-0.5,2.3,1.7,0.037,,-2.9,-0.6,-3.4,-0.8
42,Mark Blount\blounma01,C,30,BOS,39,1083,12,0.556,0,0.334,4.2,13.8,9.1,10.8,0.7,2.5,21.6,23.6,,-0.6,0.9,0.2,0.01,,-2.7,-1.1,-3.7,-0.5
42,Mark Blount\blounma01,C,30,MIN,42,1157,12.1,0.542,0,0.268,6.4,14.5,10.5,5,1.2,2.6,15.8,19.3,,0.1,1.4,1.5,0.063,,-3,-0.1,-3.1,-0.3
43,Keith Bogans\boganke01,SG-SF,25,TOT,72,1912,10.7,0.497,0.368,0.342,3.3,12.4,7.8,11.2,2,0.4,12.6,17.2,,0.3,2,2.3,0.058,,-1.8,0.5,-1.4,0.3
43,Keith Bogans\boganke01,SG,25,CHA,39,848,12.4,0.51,0.34,0.365,3.7,11.3,7.2,8.7,2.4,0.3,10.9,19.6,,0.4,0.7,1.2,0.066,,-1.1,0,-1,0.2
43,Keith Bogans\boganke01,SF,25,HOU,33,1064,9.3,0.482,0.398,0.316,2.9,13.3,8.2,13.3,1.6,0.5,14.4,15.3,,-0.1,1.3,1.2,0.053,,-2.5,0.9,-1.6,0.1
44,Andrew Bogut\bogutan01,PF,21,MIL,82,2348,15.2,0.555,0.005,0.32,9.4,19.8,14.5,13.4,1.1,2.3,15.3,15.9,,3.1,2.4,5.5,0.113,,-0.3,0.7,0.4,1.4
45,Matt Bonner\bonnema01,PF,25,TOR,78,1710,13.7,0.582,0.52,0.163,5.9,14.8,10.2,5.2,1.5,1.4,6,14.4,,3.5,0.5,4.1,0.114,,1.3,-0.6,0.7,1.2
46,Calvin Booth\boothca01,C,29,WAS,33,250,8.9,0.451,0.043,0.191,8.6,15.8,12.1,7.2,1.9,2.8,13.6,10.5,,0.1,0.3,0.4,0.07,,-3.7,1.3,-2.3,0
47,Carlos Boozer\boozeca01,PF,24,UTA,33,1025,21.4,0.585,0,0.343,8.6,25.3,16.9,18,1.6,0.6,13.1,23.9,,2.2,1.3,3.5,0.162,,2.4,-0.3,2.1,1.1
48,Chris Bosh\boshch01,C,21,TOR,70,2751,23.2,0.585,0.012,0.534,8.7,20.6,14.4,11.8,1,2.3,10.5,25.2,,8.7,1.1,9.8,0.17,,3.9,-1,2.9,3.4
49,Bruce Bowen\bowenbr01,SF,34,SAS,82,2755,9.1,0.54,0.457,0.157,1.5,11.9,6.9,6.8,1.6,0.8,10.5,11.1,,1.7,4.5,6.2,0.108,,-1.8,2,0.3,1.6
50,Ryan Bowen\bowenry01,SF,30,HOU,68,652,4,0.338,0.177,0.113,5.7,10.1,7.9,5.9,1.8,0.8,9.1,10.5,,-0.6,0.8,0.2,0.012,,-5.8,0.7,-5.1,-0.5
51,Earl Boykins\boykiea01,PG,29,DEN,60,1542,15.7,0.513,0.271,0.263,1.6,4.5,3.1,25,1.6,0.2,10.1,23.8,,2,0.9,2.9,0.09,,1.3,-1.3,0,0.7
52,Michael Bradley\bradlmi01,PF,26,PHI,46,367,8.4,0.417,0.063,0.038,12.7,21.4,17.1,6.9,0.7,1.4,19.1,12.3,,-0.2,0.3,0.1,0.019,,-3.2,-1.4,-4.6,-0.2
53,Elton Brand\brandel01,PF,26,LAC,79,3099,26.5,0.58,0.002,0.396,9.3,19.9,14.8,13.1,1.4,4.9,9.3,27.7,,9.3,5.5,14.8,0.229,,5.1,1.6,6.7,6.8
54,Primož Brezec\brezepr01,C,26,CHA,79,2165,15.3,0.552,0.003,0.283,9.1,14.8,11.8,3.7,0.5,1.1,8.7,20,,3.4,1.2,4.6,0.102,,-0.4,-2,-2.4,-0.2
55,Devin Brown\brownde02,SG,27,UTA,81,1711,10.3,0.493,0.224,0.402,5.1,9.6,7.3,10.7,1.4,0.7,13.8,19.5,,0.4,1.1,1.4,0.041,,-2.1,-1.3,-3.3,-0.6
56,Kwame Brown\brownkw01,C,23,LAL,72,1978,11.7,0.545,0.003,0.606,10.8,17.3,14.1,5.6,0.7,1.8,16.9,13.6,,1.7,1.9,3.6,0.088,,-1.7,-0.8,-2.5,-0.3
57,P.J. Brown\brownpj01,C,36,NOK,75,2380,12.7,0.515,0,0.288,8.9,18.8,13.7,6.3,1,1.7,12,14.7,,2.1,2.3,4.4,0.088,,-1.3,-0.2,-1.5,0.3
58,Rick Brunson\brunsri01,PG,33,TOT,27,246,6.3,0.455,0.241,0.222,0.5,9.9,5.3,23.4,1.8,0.3,27.1,15.6,,-0.4,0.2,-0.1,-0.025,,-4.9,-0.2,-5.2,-0.2
58,Rick Brunson\brunsri01,PG,33,SEA,4,31,7.8,0.625,0.125,0,0,7.9,3.9,10.5,0,0,27.3,15.9,,0,0,0,-0.058,,-3.7,-3.6,-7.2,0
58,Rick Brunson\brunsri01,PG,33,HOU,23,215,6.1,0.429,0.261,0.261,0.6,10.2,5.5,25.2,2,0.4,27,15.6,,-0.4,0.3,-0.1,-0.02,,-5.1,0.2,-4.9,-0.2
59,Kobe Bryant*\bryanko01,SG,27,LAL,80,3277,28,0.559,0.238,0.377,2.6,12.7,7.6,24.1,2.4,0.7,9,38.7,,11.6,3.7,15.3,0.224,,7.4,0.2,7.6,8
60,Greg Buckner\buckngr01,SG,29,DEN,73,1758,11.4,0.556,0.583,0.132,2.1,11.7,6.9,10.8,2.5,0.9,10.5,12.6,,1.7,2,3.8,0.103,,-1.2,1.7,0.5,1.1
61,Pat Burke\burkepa01,C,32,PHO,42,346,9.9,0.517,0.055,0.165,6.9,16.3,11.7,6.8,0.9,2.6,19.5,21.9,,-0.3,0.4,0.1,0.009,,-6.1,-0.1,-6.2,-0.4
62,Antonio Burks\burksan01,PG,25,MEM,57,570,5.1,0.367,0.042,0.16,0.9,7,3.9,22.1,2,0,18.9,16.2,,-1.1,0.7,-0.4,-0.033,,-6.4,-0.4,-6.8,-0.7
63,Kevin Burleson\burleke01,PG,26,CHA,39,340,5.1,0.367,0.614,0.193,1.3,8,4.4,20.8,3.9,0.5,20.8,15.7,,-0.6,0.4,-0.2,-0.032,,-7.8,1.6,-6.2,-0.4
64,Caron Butler\butleca01,SF,25,WAS,75,2708,17,0.535,0.11,0.306,4.8,15.6,10,12.1,2.4,0.5,12.4,23.2,,3.5,2.8,6.3,0.112,,0.4,0.1,0.6,1.7
65,Jackie Butler\butleja01,C,20,NYK,55,740,14.8,0.587,0,0.358,10.9,19.3,15,6.1,1.2,3.4,19.9,19,,0.7,0.6,1.2,0.078,,-2,-0.8,-2.8,-0.2
66,Rasual Butler\butlera01,SF,26,NOK,79,1875,10.8,0.501,0.382,0.18,3.2,11.8,7.4,3.7,0.9,2,8.7,18.6,,0.4,1.3,1.7,0.045,,-0.9,-1.1,-2,0
67,Andrew Bynum\bynuman01,C,18,LAL,46,338,7.4,0.394,0,0.329,11.9,16,13.9,4.1,0.6,5,15.3,15,,-0.4,0.4,0.1,0.007,,-6.1,-0.8,-6.9,-0.4
68,Will Bynum\bynumwi01,PG,23,GSW,15,162,8.7,0.457,0.173,0.308,2,6.3,4.1,19.2,2.2,0,19.2,20.1,,-0.2,0.1,-0.1,-0.021,,-4.5,-0.5,-5,-0.1
69,Žarko Čabarkapa\cabarza01,PF,24,GSW,61,505,9.9,0.472,0.115,0.483,8,16.7,12.3,6.5,1.3,1,14.2,21.7,,-0.2,0.5,0.3,0.031,,-4.7,-0.6,-5.3,-0.4
70,José Calderón\caldejo01,SG,24,TOR,64,1487,11.4,0.495,0.138,0.295,2.4,9.5,5.8,29.1,1.5,0.2,22.3,14.1,,0.9,0,0.9,0.029,,-1,-1.8,-2.8,-0.3
71,Marcus Camby\cambyma01,C,31,DEN,56,1857,19.9,0.499,0.017,0.24,8.4,33.3,21,10.2,2.2,7.5,11.4,19.5,,1,4.5,5.5,0.141,,0.1,3.3,3.5,2.6
72,Brian Cardinal\cardibr01,PF,28,MEM,36,402,10,0.505,0.261,0.243,3.4,13.1,8.3,14.2,3.2,0,18,18.1,,-0.1,0.7,0.6,0.074,,-4.6,1.7,-2.9,-0.1
73,Matt Carroll\carroma01,SG,25,CHA,78,1275,13.9,0.54,0.389,0.353,2.9,12,7.1,4.6,1.9,0.7,8,20.8,,1.6,1,2.6,0.097,,0,-0.6,-0.6,0.5
74,Anthony Carter\cartean01,PG,30,MIN,45,589,10.6,0.465,0.109,0.401,1.9,10.5,6.3,26.9,2.2,1.2,19.9,16.2,,-0.1,0.7,0.6,0.047,,-3.5,1.2,-2.2,0
75,Vince Carter\cartevi01,SG,29,NJN,79,2906,21.6,0.536,0.242,0.396,5.4,13.4,9.3,24.4,1.7,1.5,10.7,32.3,,4.9,4.4,9.3,0.153,,4.5,0.5,5.1,5.2
76,Sam Cassell\cassesa01,PG,36,LAC,78,2653,18.5,0.534,0.171,0.301,1.8,10.4,6.3,32.5,1.5,0.3,12.2,25,,4.8,2.8,7.6,0.137,,2.1,-0.5,1.6,2.4
77,Kelvin Cato\catoke01,C,31,TOT,27,333,9.3,0.493,0,0.417,7.6,18,12.9,1.9,1,2.8,15.3,16.7,,0,0.4,0.3,0.045,,-4.9,-0.3,-5.2,-0.3
77,Kelvin Cato\catoke01,C,31,ORL,23,299,9.4,0.503,0,0.486,8.1,17.7,13,1.1,1.1,2.6,15.5,16.4,,0,0.3,0.3,0.052,,-4.7,-0.2,-4.9,-0.2
77,Kelvin Cato\catoke01,C,31,DET,4,34,7.7,0.417,0,0,3.5,21.2,12.2,9.7,0,4.3,14.3,19.6,,-0.1,0.1,0,-0.013,,-6.6,-0.8,-7.5,0
78,Tyson Chandler\chandty01,C,23,CHI,79,2121,12.2,0.567,0.004,0.682,14.4,24.2,19.3,5.6,1,3.8,25.1,10.4,,1.5,3.9,5.4,0.123,,-2.2,1.8,-0.4,0.9
79,Calbert Cheaney\cheanca01,SF,34,GSW,42,448,6,0.412,0.074,0.074,4.9,10.5,7.6,6.6,1.5,0.3,13.2,12.8,,-0.3,0.3,0,0,,-4.7,-0.1,-4.8,-0.3
80,Josh Childress\childjo01,SF,22,ATL,74,2249,15.8,0.626,0.129,0.399,7,13.9,10.3,9.4,2,1.3,14.6,14,,4.6,1.1,5.7,0.121,,1.3,-0.1,1.2,1.8
81,Doug Christie\chrisdo01,SG,35,DAL,7,185,6.8,0.416,0.038,0.462,1.3,7,4.2,10.9,2.7,0.4,16.1,9.4,,-0.1,0.2,0.1,0.035,,-2.7,1.6,-1,0
82,Speedy Claxton\claxtsp01,PG,27,NOK,71,2019,16.1,0.497,0.086,0.435,2.2,9.3,5.7,29.8,2.9,0.2,14.9,23.8,,1.1,2,3,0.072,,-0.1,0.3,0.1,1.1
83,Mateen Cleaves\cleavma01,PG,28,SEA,27,230,9.1,0.448,0.225,0.338,1,6.4,3.7,27.4,0.7,0.7,14.7,18.6,,0.1,-0.1,0,-0.005,,-2,-3,-5,-0.2
84,Jarron Collins\collija03,C,27,UTA,79,1730,11,0.551,0,0.782,9.3,14.1,11.7,9.1,1.1,1.3,13.9,11.7,,2.5,1.4,3.9,0.107,,-2.2,0,-2.1,-0.1
85,Jason Collins\collija04,C,27,NJN,71,1895,5.5,0.425,0.046,0.328,5.7,15.6,10.6,5.7,1.3,1.7,16.9,9,,-0.9,2.9,2,0.051,,-5.3,1.5,-3.8,-0.9
86,Nick Collison\collini01,PF,25,SEA,66,1448,14,0.556,0.008,0.287,11.8,19,15.4,8.1,0.8,1.9,14.8,16.1,,2.2,0.1,2.3,0.075,,-1.1,-2.1,-3.2,-0.4
87,Brian Cook\cookbr01,PF,25,LAL,81,1535,15.6,0.578,0.164,0.198,6.8,14.2,10.5,8.3,1.3,1.6,9.9,18.3,,3,1.5,4.5,0.142,,0.2,-0.3,-0.1,0.7
88,Jamal Crawford\crawfja01,SG,25,NYK,79,2555,15.5,0.544,0.333,0.406,1.7,10.2,5.9,20.9,1.8,0.5,14.4,21.5,,3.7,0.8,4.5,0.084,,1.6,-1.1,0.5,1.6
89,Austin Croshere\croshau01,PF,30,IND,50,1148,15.2,0.618,0.491,0.358,6.4,19.8,13.3,9.1,1,0.4,12.7,15.3,,2.5,1.7,4.1,0.173,,1.5,0.6,2.1,1.2
90,Eddy Curry\curryed01,C,23,NYK,72,1865,17,0.604,0,0.814,9.4,18.9,14.1,1.9,0.8,2.5,18.1,24.1,,2.3,1,3.3,0.084,,-0.5,-1.6,-2.1,0
91,Samuel Dalembert\dalemsa01,C,24,PHI,66,1761,14.2,0.568,0.003,0.358,10.6,25.4,18,2.2,1,6.9,20,13.8,,0.9,2.6,3.6,0.097,,-2.9,1.2,-1.8,0.1
92,Erick Dampier\dampier01,C,30,DAL,82,1934,13.9,0.531,0,0.62,17.3,22.4,19.9,4,0.8,4.2,20.7,13.4,,1.9,2.9,4.8,0.119,,-1.5,-0.1,-1.7,0.2
93,Antonio Daniels\daniean01,SG,30,WAS,80,2283,13.7,0.55,0.184,0.611,0.9,8,4.4,19.2,1.2,0.3,11.3,15.4,,4.3,0.9,5.3,0.111,,0.1,-0.8,-0.7,0.8
94,Marquis Daniels\daniema01,SG,25,DAL,62,1766,14.9,0.535,0.037,0.357,5.6,9.6,7.6,16.2,2.1,0.6,14.4,18.3,,2.4,1.7,4.2,0.114,,0.1,0.4,0.5,1.1
95,Antonio Davis\davisan01,PF-C,37,TOT,44,940,8.3,0.479,0.005,0.426,11.5,15.5,13.5,3.5,1.3,0.9,18.4,13.4,,0,0.4,0.3,0.017,,-3.2,-1,-4.3,-0.5
95,Antonio Davis\davisan01,PF,37,NYK,36,749,8.9,0.487,0.006,0.384,12,15.9,14,3,1.4,1,18.8,13.8,,0,0.3,0.4,0.024,,-3.1,-0.9,-4.1,-0.4
95,Antonio Davis\davisan01,C,37,TOR,8,191,5.9,0.44,0,0.645,9.2,14,11.5,5.4,0.8,0.4,16.7,11.6,,-0.1,0,0,-0.011,,-3.5,-1.5,-5.1,-0.1
96,Baron Davis\davisba01,PG,26,GSW,54,1971,18.3,0.489,0.376,0.336,2.5,11.1,6.7,42.6,2.3,0.5,13.9,25.9,,2.4,2,4.4,0.106,,2.8,-0.2,2.6,2.3
97,Dale Davis\davisda01,C,36,DET,28,178,9.9,0.425,0.042,0.625,13.9,21.6,17.7,4.8,0,3.7,11.6,9.2,,0.1,0.3,0.4,0.108,,-3.3,-0.2,-3.5,-0.1
98,Josh Davis\davisjo02,PF,25,TOT,6,17,13.6,0.361,0.286,0.429,20.4,7.1,13.7,8.8,6,0,10.7,24.8,,0,0,0,0.018,,-2,0.2,-1.7,0
98,Josh Davis\davisjo02,PF,25,MIL,4,12,5.2,0.25,0.25,0,19.4,10.1,14.9,12.5,4.4,0,20,19,,0,0,0,-0.089,,-6.3,-0.3,-6.6,0
98,Josh Davis\davisjo02,PF,25,HOU,1,0,,,,,,,,,,,,,,0,0,0,,,-1000,0,-1000,0
98,Josh Davis\davisjo02,PF,25,PHO,1,5,33.7,0.463,0.333,1,22.7,0,11.1,0,10,0,0,38.7,,0,0,0,0.275,,8.5,1.4,10,0
99,Ricky Davis\davisri01,SG-SF,26,TOT,78,3207,15.6,0.521,0.186,0.265,2.5,10.5,6.6,22.2,1.5,0.4,12.8,24.3,,2.5,2.5,5,0.075,,0.6,-1,-0.4,1.3
99,Ricky Davis\davisri01,SG,26,BOS,42,1747,16,0.529,0.176,0.231,2.9,10,6.5,22.8,1.5,0.4,12.8,23.6,,1.8,1.1,2.9,0.08,,1,-1.2,-0.2,0.7
99,Ricky Davis\davisri01,SF,26,MIN,36,1460,15.2,0.511,0.197,0.304,2.1,11.1,6.7,21.4,1.6,0.4,12.7,25.1,,0.7,1.4,2.1,0.069,,0.2,-0.7,-0.5,0.6
100,Carlos Delfino\delfica01,SG,23,DET,68,726,10.6,0.483,0.265,0.296,4.5,14.1,9.3,9.7,1.6,1.5,12.4,19.1,,0,1,1,0.067,,-3.3,0.4,-2.9,-0.2
101,Tony Delk\delkto01,PG-SG,32,TOT,24,385,16.1,0.526,0.292,0.168,4.3,12.2,8.2,15.2,1.9,0.2,9.9,23.7,,0.4,0.5,0.9,0.112,,0.4,-0.5,-0.1,0.2
101,Tony Delk\delkto01,SG,32,ATL,1,7,16.1,0.532,0,2,16.7,17.7,17.2,0,0,0,0,12.2,,0,0,0,0.171,,1.1,-3.3,-2.2,0
101,Tony Delk\delkto01,PG,32,DET,23,378,16.1,0.526,0.294,0.156,4,12.1,8,15.5,1.9,0.2,10,23.9,,0.4,0.5,0.9,0.111,,0.4,-0.5,-0.1,0.2
102,Luol Deng\denglu01,SF,20,CHI,78,2604,15.8,0.517,0.082,0.289,5.6,17.1,11.4,9.7,1.4,1.5,8.9,20.4,,2.7,3.8,6.5,0.12,,0.8,0.9,1.6,2.4
103,Boris Diaw\diawbo01,PF,23,PHO,81,2874,17.3,0.564,0.035,0.279,6.3,15.1,10.8,24.9,1,2.1,16.5,17.9,,5.9,3,8.9,0.149,,1.4,1.4,2.8,3.5
104,Dan Dickau\dickada01,PG,27,BOS,19,234,10.4,0.575,0.435,0.391,2.7,5.6,4.2,25.5,2.4,0.3,25,14.1,,0.3,0.2,0.4,0.09,,-2.6,0.2,-2.4,0
105,Travis Diener\dienetr01,PG,23,ORL,23,246,12.6,0.614,0.826,0.087,2.1,8.3,5.3,10.6,1.5,0,12.2,15.7,,0.5,0.1,0.6,0.115,,1.3,-0.4,0.9,0.2
106,Ike Diogu\dioguik01,PF,22,GSW,69,1031,15.8,0.596,0,0.503,10,14.9,12.4,4.9,0.7,2.2,16.1,21,,1.7,1,2.6,0.123,,-1.6,-0.6,-2.2,0
107,DeSagana Diop\diopde01,C,24,DAL,81,1510,11.5,0.512,0.013,0.468,11.8,17.9,14.9,2.2,1.6,7.4,16.2,6.9,,1.3,2.7,4.1,0.13,,-2.3,2.8,0.5,1
108,Juan Dixon\dixonju01,SG,27,POR,76,1920,14.6,0.516,0.207,0.236,1.9,9.3,5.5,14.9,1.7,0.2,11.1,25.2,,1.1,0.1,1.2,0.03,,-0.2,-1.7,-1.9,0
109,Michael Doleac\doleami01,C,28,MIA,31,371,9.9,0.484,0,0.341,7.6,18.9,13.5,3.2,1.4,1.4,12.2,14.3,,0.1,0.5,0.6,0.079,,-3.6,-0.4,-3.9,-0.2
110,Keyon Dooling\doolike01,PG,25,ORL,50,1137,12.6,0.513,0.106,0.299,1.2,7.1,4.2,16.7,2.3,0.3,15.2,22.5,,0.3,0.8,1.1,0.046,,-2.4,-0.3,-2.7,-0.2
111,Chris Duhon\duhonch01,PG,23,CHI,74,2155,12.9,0.538,0.517,0.266,1.5,10.2,5.9,26.4,1.7,0.1,16.3,15,,2.7,2.5,5.2,0.116,,0,0.8,0.8,1.5
112,Tim Duncan*\duncati01,PF,29,SAS,80,2784,23.1,0.523,0.004,0.45,10.1,26.9,18.7,16.5,1.4,4.2,12.2,27.7,,3.9,6.9,10.8,0.187,,2.3,2.6,5,4.9
113,Mike Dunleavy\dunlemi02,SF,25,GSW,81,2578,12.5,0.503,0.319,0.309,3.3,14.2,8.6,15,1.2,0.9,11.5,18.1,,1.9,2.3,4.2,0.077,,-0.7,0,-0.7,0.9
114,Ronald Dupree\duprero01,SF,25,MIN,36,265,10.4,0.494,0.016,0.651,9.8,12.4,11.1,8.8,2.4,0,14.7,17,,0,0.3,0.3,0.056,,-4.1,0.2,-3.8,-0.1
115,John Edwards\edwarjo01,C,24,ATL,40,296,6.4,0.508,0,0.172,7.1,12.5,9.7,2.7,0.5,3.9,14.8,12.4,,0.1,0.1,0.2,0.026,,-6.2,-0.2,-6.4,-0.3
116,Howard Eisley\eisleho01,PG,33,TOT,32,394,9.2,0.445,0.408,0.233,0.9,8.7,4.9,25.6,1.4,0.4,15.6,15.4,,0,0.3,0.3,0.037,,-2.6,-0.2,-2.7,-0.1
116,Howard Eisley\eisleho01,PG,33,LAC,13,112,7.2,0.265,0.235,0,1.1,12.9,7.3,31,1.4,0,15,8.3,,0,0.1,0.1,0.04,,-3.8,1.5,-2.3,0
116,Howard Eisley\eisleho01,PG,33,DEN,19,282,10,0.476,0.442,0.279,0.8,7,3.9,23.4,1.4,0.5,15.7,18.2,,0,0.2,0.2,0.036,,-2.1,-0.8,-2.9,-0.1
117,Monta Ellis\ellismo01,SG,20,GSW,49,886,11.1,0.486,0.258,0.186,2.7,10.7,6.6,14.9,1.9,0.9,14.4,20.2,,-0.3,0.8,0.5,0.028,,-1.9,0.2,-1.7,0.1
118,Francisco Elson\elsonfr01,C,29,DEN,72,1579,10.1,0.556,0.018,0.261,7.4,17.6,12.5,4.4,1.7,2.1,17,10.8,,0.8,2,2.9,0.087,,-3.2,1,-2.2,-0.1
119,Melvin Ely\elyme01,PF,27,CHA,57,1348,14.3,0.55,0.005,0.452,7.6,16.8,11.9,9.7,1.1,2.5,16.4,20.1,,0.8,1.2,2,0.072,,-1.7,-0.2,-1.8,0.1
120,Maurice Evans\evansma01,SG,27,DET,80,1139,14,0.545,0.34,0.191,7.8,9.2,8.5,8.5,2,1,9.5,17,,1.8,1.4,3.2,0.135,,-0.4,0.5,0.2,0.6
121,Reggie Evans\evansre01,PF,25,TOT,67,1393,12.5,0.519,0.004,0.81,14.6,28.3,21.4,4,1.5,0.5,19,14.4,,0.8,1.3,2.1,0.072,,-1.8,-1.9,-3.7,-0.6
121,Reggie Evans\evansre01,PF,25,SEA,41,788,15,0.536,0.006,0.694,17.2,25.2,21.2,4.4,1.6,0.5,15.4,15.2,,1.2,0.3,1.5,0.09,,0.1,-3,-2.9,-0.2
121,Reggie Evans\evansre01,PF,25,DEN,26,605,9.2,0.49,0,1.021,11.1,32.3,21.8,3.5,1.4,0.6,24.2,13.4,,-0.4,1,0.6,0.048,,-4.3,-0.5,-4.9,-0.4
122,Daniel Ewing\ewingda01,SG,22,LAC,66,971,7.6,0.458,0.306,0.18,2.9,7.1,5.1,13.2,2,0.5,17.2,15.8,,-0.7,1,0.3,0.017,,-3.8,0.6,-3.2,-0.3
123,Noel Felix\felixno01,SF,24,SEA,12,82,-1.1,0.316,0.12,0.32,4.4,14.9,9.6,3.5,1.3,2.8,21.9,20,,-0.3,0,-0.3,-0.197,,-10,-2.5,-12.5,-0.2
124,Raymond Felton\feltora01,PG,21,CHA,80,2406,14.2,0.483,0.307,0.251,3.5,9.7,6.4,30.9,2.2,0.3,15.7,21.4,,0.8,1.8,2.6,0.051,,0.2,-0.8,-0.6,0.8
125,Michael Finley\finlemi01,SG,32,SAS,77,2038,12.7,0.523,0.401,0.165,1.8,12.2,7.2,9.3,1,0.2,7.7,18.9,,2,2.9,5,0.117,,0.1,0.2,0.2,1.1
126,Derek Fisher\fishede01,PG,31,GSW,82,2589,14.8,0.536,0.333,0.33,1.5,7.7,4.5,22.6,2.5,0.2,13.3,20.2,,3.4,2.4,5.8,0.107,,-0.2,0.6,0.4,1.6
127,Gerald Fitch\fitchge01,PG,23,MIA,18,239,10.2,0.424,0.292,0.258,3.6,10.9,7.4,21.5,1.5,1.6,13.1,22,,-0.1,0.3,0.1,0.026,,-3.2,-0.3,-3.5,-0.1
128,Marcus Fizer\fizerma01,PF,27,NOK,3,39,14.1,0.559,0.059,0.118,3,18.8,10.7,5.3,0,0,10.1,23.8,,0,0,0,0.056,,-1.4,-2.3,-3.7,0
129,Sharrod Ford\fordsh02,PF,24,PHO,3,13,0.6,0.667,0,0,8.7,16.7,12.8,0,0,5.4,40,17.2,,0,0,0,-0.032,,-16.2,1.2,-14.9,0
130,T.J. Ford\fordtj01,PG,22,MIL,72,2557,13.1,0.489,0.132,0.314,2.9,11.7,7.2,29.8,2.1,0.2,19.6,20,,0.4,2.1,2.5,0.047,,-1.1,-0.1,-1.2,0.5
131,Danny Fortson\fortsda01,C,29,SEA,23,276,8.5,0.622,0,0.843,13.4,20.9,17.1,1.1,0.8,0.6,27.1,15.6,,0.2,0,0.2,0.038,,-6.2,-2.9,-9.1,-0.5
132,Jeff Foster\fosteje01,C,29,IND,63,1581,15.1,0.581,0.016,0.636,16.9,24.8,20.9,5.1,1.4,1.2,16.7,11.3,,2.8,2.9,5.7,0.174,,-0.3,0.4,0,0.8
133,Adonal Foyle\foylead01,C,30,GSW,77,1824,10.3,0.524,0,0.223,8.5,17.6,13,2.8,1.2,5.1,19.5,10,,0.3,2.5,2.8,0.075,,-3.4,1.7,-1.7,0.1
134,Richie Frahm\frahmri01,SG,28,TOT,33,342,9.4,0.517,0.7,0.1,1.1,10.2,5.7,10.2,0.6,0.4,7.1,15.6,,0.2,0.3,0.5,0.071,,-1.4,-0.8,-2.2,0
134,Richie Frahm\frahmri01,SG,28,MIN,25,225,8.9,0.491,0.738,0.077,1.6,10.4,6.1,10.7,0.7,0.7,5.6,15,,0.1,0.2,0.3,0.065,,-1.6,-0.6,-2.2,0
134,Richie Frahm\frahmri01,SG,28,HOU,8,117,10.4,0.565,0.629,0.143,0,9.9,5,9.2,0.5,0,9.7,16.8,,0.1,0.1,0.2,0.082,,-1.1,-1.1,-2.2,0
135,Steve Francis\francst01,PG-SG,28,TOT,70,2393,15.2,0.534,0.108,0.522,3.9,10.9,7.5,24.6,1.7,0.6,18.5,22.6,,2.2,1.4,3.6,0.073,,0.7,-0.7,0,1.2
135,Steve Francis\francst01,PG,28,ORL,46,1734,15.9,0.532,0.122,0.504,4.4,11,7.8,25.7,1.6,0.5,18.2,23.4,,1.7,1.2,2.9,0.081,,1.1,-0.5,0.6,1.1
135,Steve Francis\francst01,SG,28,NYK,24,659,13.4,0.542,0.068,0.574,2.6,10.6,6.5,21.7,1.8,0.7,19.6,20.4,,0.4,0.2,0.7,0.05,,-0.5,-1.1,-1.6,0.1
136,Channing Frye\fryech01,C,22,NYK,65,1572,18.1,0.541,0.014,0.358,10.6,18.5,14.5,6.6,1,2.5,11.6,24.2,,2.6,0.9,3.5,0.108,,0.7,-1.4,-0.7,0.5
137,Dan Gadzuric\gadzuda01,C,27,MIL,74,885,17.2,0.55,0.003,0.288,12,19.3,15.6,4.9,1.5,3.9,9.1,19.8,,1.3,1.1,2.5,0.134,,-1.6,-0.1,-1.7,0
138,Deng Gai\gaide01,C,23,PHI,2,5,0,,,,0,0,0,0,0,0,,0,,0,0,0,-0.015,,-3.6,-3.5,-7.2,0
139,Reece Gaines\gainere01,PG,25,MIL,12,54,6.7,0.472,0.167,0.333,0,0,0,8.7,1,0,6.8,12.5,,0,0,0,0.004,,-3.1,-2,-5.1,0
140,Francisco García\garcifr01,SF,24,SAC,67,1301,10.3,0.51,0.422,0.311,3.5,13,8.3,11.2,1.6,2.6,16.9,15.7,,0,1.6,1.6,0.06,,-2.1,1.3,-0.8,0.4
141,Kevin Garnett*\garneke01,PF,29,MIN,76,2957,26.8,0.589,0.025,0.411,8.9,29.7,19.6,20.2,1.9,2.7,11.3,25.5,,9,5.9,14.9,0.242,,5.6,2.2,7.8,7.4
142,Pat Garrity\garripa01,PF,29,ORL,57,938,9.1,0.546,0.533,0.153,4.2,9.9,7.1,6.5,0.7,0.8,12.8,15,,0.8,0.4,1.2,0.062,,-0.9,-1,-1.8,0
143,Pau Gasol\gasolpa01,PF,25,MEM,80,3135,22.7,0.555,0.01,0.517,7.5,20,13.8,23.7,0.8,3.9,13.8,26.4,,6.6,5.4,12,0.184,,3.9,1.7,5.5,6
144,Devean George\georgde01,SF,28,LAL,71,1542,11.3,0.484,0.376,0.202,6.3,14.6,10.5,6.9,2.3,1.7,10.4,15.3,,0.7,2,2.6,0.082,,-1.3,0.5,-0.8,0.4
145,Eddie Gill\gilled01,PG,27,IND,41,122,9.9,0.408,0.511,0.511,0,13.8,7.1,15.8,4.8,0.6,14,24.5,,-0.2,0.3,0.1,0.02,,-4.7,3.5,-1.1,0
146,Manu Ginóbili\ginobma01,SG,28,SAS,65,1813,22.4,0.593,0.324,0.538,2.8,12,7.5,22.2,3,1,12.8,25,,5.1,3.7,8.8,0.234,,3.8,3,6.8,4.1
147,Gordan Giriček\giricgo01,SG,28,UTA,37,956,8.7,0.482,0.154,0.149,1.9,7,4.4,12.8,0.9,0.3,13.4,22.8,,-0.6,0.4,-0.2,-0.01,,-3.3,-2.3,-5.6,-0.9
148,Anthony Goldwire\goldwan01,PG,34,LAC,3,22,-5.5,0.143,0.286,0,0,5.1,2.6,12.8,0,0,12.5,16.8,,-0.1,0,-0.1,-0.245,,-9,-4,-13,-0.1
149,Ryan Gomes\gomesry01,PF,23,BOS,61,1376,14,0.548,0.025,0.42,9.3,16.9,13.2,6.8,1.3,0.3,11.6,15.9,,1.9,1.2,3.1,0.108,,0,-1.2,-1.2,0.3
150,Drew Gooden\goodedr01,PF,24,CLE,79,2174,17.6,0.552,0.005,0.396,12.8,23.5,18.1,4.4,1.3,1.7,12.2,18.6,,3.6,2.9,6.6,0.145,,0.5,-0.8,-0.2,1
151,Ben Gordon\gordobe01,SG,22,CHI,80,2482,14.5,0.531,0.332,0.233,2,8.1,5.1,17.3,1.6,0.2,12.4,26.3,,1.8,2.6,4.4,0.086,,0.7,-0.3,0.5,1.6
152,Joey Graham\grahajo01,SF,23,TOR,80,1581,10.2,0.564,0.21,0.321,4.2,15.1,9.4,6,1.2,0.6,16.3,16.5,,1,0.3,1.3,0.038,,-2.7,-1.1,-3.8,-0.7
153,Stephen Graham\grahast01,SG,23,TOT,22,175,6.9,0.479,0.185,0.278,3.4,14.8,9.1,6.9,1.5,0.9,17.7,19.6,,-0.2,0.2,0,0.009,,-6,0.3,-5.8,-0.2
153,Stephen Graham\grahast01,SG,23,HOU,6,38,9.7,0.479,0.313,0.25,3.1,18.2,10.8,15,2.9,0,22,28.6,,-0.1,0.1,0,-0.034,,-4.8,1,-3.7,0
153,Stephen Graham\grahast01,SG,23,CHI,3,20,2.4,0.425,0.8,0.4,0,17.1,8.6,7.1,0,0,14.5,15.5,,0,0,0,-0.002,,-6.3,-0.6,-7,0
153,Stephen Graham\grahast01,SG,23,CLE,13,117,6.7,0.487,0.03,0.273,4,13.3,8.6,4.2,1.4,1.3,15.9,17.4,,-0.1,0.1,0.1,0.025,,-6.4,0.2,-6.2,-0.1
154,Danny Granger\grangda01,SF,22,IND,78,1765,14.7,0.54,0.195,0.31,8.8,16,12.5,8.8,1.8,2.6,12.8,16.4,,2.1,3,5.1,0.139,,-0.7,1.8,1.1,1.4
155,Brian Grant\grantbr01,C,33,PHO,21,248,6.6,0.445,0,0.123,5,20.1,12.8,3.8,1,0.8,9.3,13.6,,-0.1,0.3,0.2,0.041,,-5.8,-0.2,-6,-0.3
156,Devin Green\greende01,SG,23,LAL,27,135,4.7,0.336,0.071,0.75,8.7,12.2,10.5,7.3,1.2,0,11.8,14.3,,-0.2,0.1,-0.1,-0.018,,-5.1,-1.5,-6.5,-0.2
157,Gerald Green\greenge01,SG,20,BOS,32,374,13.1,0.541,0.145,0.268,3.3,9.9,6.7,8.5,1.8,0.8,12.5,21.7,,0.2,0.3,0.5,0.064,,-2.3,-1.2,-3.5,-0.1
158,Willie Green\greenwi01,SG,24,PHI,10,153,8.6,0.513,0.288,0.076,0.8,10.7,5.7,5.7,0.7,0,15,23.9,,-0.2,0,-0.1,-0.038,,-2.7,-3.4,-6.1,-0.2
159,Orien Greene\greenor01,PG,23,BOS,80,1235,6.4,0.449,0.158,0.269,3.7,10.4,7.2,15.8,3.2,0.6,27.8,14.6,,-1.8,1.4,-0.3,-0.013,,-5.9,1.4,-4.4,-0.8
160,Adrian Griffin\griffad01,SG,31,DAL,52,1245,11.6,0.521,0.01,0.26,7.4,14.4,11,10.8,2.2,0.6,14.6,10,,1.4,1.5,2.9,0.113,,-0.8,1.6,0.8,0.9
161,Eddie Griffin\griffed01,C,23,MIN,70,1359,12.2,0.397,0.222,0.2,9.7,24.3,17.2,4.7,0.5,8.2,9.7,15.6,,-1,2.6,1.5,0.055,,-3.1,1.5,-1.6,0.1
162,Anthony Grundy\grundan01,SG,26,ATL,12,108,16.6,0.589,0.395,0.368,1.1,18.3,9.5,14.7,3.4,0,16.9,22.4,,0.1,0.1,0.2,0.095,,-1.3,0.9,-0.4,0
163,Richard Hamilton\hamilri01,SG,27,DET,80,2825,18.2,0.553,0.091,0.229,3.5,7.3,5.4,18.6,1,0.4,10.6,27.4,,5.3,2.4,7.6,0.13,,1.7,-0.9,0.8,2
164,Zendon Hamilton\hamilze01,C,30,TOT,12,49,17.6,0.593,0,1.286,7.2,19.5,13.3,0,4.3,0,21.5,26.3,,0,0.1,0.1,0.098,,-2,0.4,-1.6,0
164,Zendon Hamilton\hamilze01,C,30,CLE,11,46,18.2,0.624,0,1.231,7.7,20.8,14.2,0,3.5,0,23,26.2,,0,0.1,0.1,0.108,,-1.4,0.1,-1.3,0
164,Zendon Hamilton\hamilze01,C,30,PHI,1,3,8.2,0.266,0,2,0,0,0,0,17.3,0,0,28.6,,0,0,0,-0.057,,-12.4,5.1,-7.3,0
165,Anfernee Hardaway\hardaan01,SF,34,NYK,4,72,2,0.336,0.071,0.143,0,17.1,8.4,17,1.5,0,28.7,13.1,,-0.2,0,-0.2,-0.101,,-6.1,0.4,-5.7,-0.1
166,Matt Harpring\harprma01,SF,29,UTA,71,1944,16.3,0.542,0.058,0.462,9.8,13.2,11.5,9.6,1.7,0.6,11.8,22,,3.1,1.6,4.7,0.115,,0.6,-1.2,-0.6,0.7
167,Al Harrington\harrial01,PF,25,ATL,76,2782,16,0.513,0.157,0.287,5.5,17.4,11.3,15.8,1.6,0.4,12.4,25.6,,2.6,1.2,3.8,0.065,,0.4,-1.7,-1.3,0.5
168,Othella Harrington\harriot01,C,32,CHI,72,824,11.1,0.53,0,0.451,7.6,13.9,10.7,8,0.4,1.2,15.7,21.2,,0.2,0.9,1.1,0.063,,-3.4,-0.4,-3.9,-0.4
169,Devin Harris\harride01,PG,22,DAL,56,1275,17.4,0.544,0.052,0.583,2.5,9.2,5.9,23.4,2.3,1,14.2,21.7,,2.3,1.4,3.7,0.139,,0.8,0.6,1.4,1.1
170,David Harrison\harrida01,C,23,IND,67,1034,11.8,0.519,0,0.592,9.7,18.4,14.2,2.4,1.2,4.2,17.6,20.2,,-0.4,1.9,1.5,0.068,,-5.1,1.1,-4,-0.5
171,Jason Hart\hartja01,PG,27,SAC,66,818,7.1,0.444,0.14,0.253,1.7,8.3,5.1,13.4,2,0.4,14.9,16.2,,-0.7,0.8,0.1,0.006,,-5.1,0.4,-4.7,-0.6
172,Udonis Haslem\hasleud01,PF,25,MIA,81,2491,13.7,0.558,0.003,0.337,8.2,21.2,15,5.9,1.1,0.5,10.5,14.1,,3.9,3.1,7,0.134,,-0.4,-0.1,-0.5,0.9
173,Trenton Hassell\hassetr01,SG,26,MIN,77,2514,9.5,0.512,0.037,0.286,4,6.2,5.2,13.2,0.9,0.9,15.2,15.4,,0.7,1.6,2.3,0.044,,-2.4,-0.6,-3.1,-0.7
174,Chuck Hayes\hayesch01,PF,22,HOU,40,535,18,0.589,0.01,0.429,14.9,24.1,19.6,4.6,2.6,2.1,8.8,12.2,,1.2,1.1,2.4,0.212,,0.2,1.6,1.8,0.5
175,Jarvis Hayes\hayesja01,SG,24,WAS,21,516,12.2,0.499,0.257,0.164,4.2,13.2,8.6,8.7,1.6,0.2,10.1,18.8,,0.3,0.4,0.7,0.065,,-0.9,-0.5,-1.4,0.1
176,Brendan Haywood\haywobr01,C,26,WAS,79,1879,13.8,0.542,0,0.519,12,17,14.5,3.9,0.8,4.3,15.5,14.9,,2,1.9,3.9,0.099,,-1.5,-0.2,-1.7,0.2
177,Luther Head\headlu01,SG,23,HOU,80,2310,11.2,0.517,0.497,0.195,1.7,11.6,6.8,16.2,2.1,0.3,14.8,16.6,,0.5,2.9,3.5,0.072,,-1.3,1.1,-0.2,1.1
178,Alan Henderson\hendeal01,C,33,CLE,51,531,12.2,0.564,0,0.538,13.3,17.3,15.3,2.9,0.9,1.7,16.3,11.7,,0.7,0.6,1.3,0.116,,-1.3,-0.8,-2.1,0
179,Nenê\hilarne01,PF,23,DEN,1,3,-54.4,0,0,0,0,0,0,0,0,0,66.7,44.8,,-0.1,0,-0.1,-1.312,,-56.5,-14.2,-70.7,0
180,Grant Hill*\hillgr01,SF,33,ORL,21,613,19,0.552,0.033,0.42,3.1,12.7,8.1,14.6,2.1,0.8,10.8,24.9,,1.1,0.6,1.7,0.13,,1.5,0,1.5,0.5
181,Kirk Hinrich\hinriki01,PG,25,CHI,81,2955,15.5,0.528,0.316,0.291,1.1,10,5.6,28.9,1.6,0.6,13.4,21.4,,4.1,3.5,7.6,0.124,,1.1,0.6,1.8,2.8
182,Julius Hodge\hodgeju01,SG,22,DEN,14,33,4.2,0.393,0,0.615,17.9,7,12.4,29.3,3.1,0,32.6,33.3,,-0.2,0,-0.2,-0.219,,-8.9,-2.8,-11.7,-0.1
183,Randy Holcomb\holcora01,SF,26,CHI,4,11,8.2,1,0,0,10.5,0,5.2,0,0,0,0,4.1,,0,0,0,0.15,,-1,-0.8,-1.7,0
184,Robert Horry\horryro01,PF,35,SAS,63,1182,13.5,0.499,0.493,0.233,7.3,16.7,12.1,10.1,2,3.1,11.3,14.7,,1,2.5,3.6,0.145,,0.4,2.8,3.1,1.5
185,Eddie House\houseed01,PG,27,PHO,81,1421,15.2,0.512,0.416,0.054,1.2,8.9,5.2,16.4,1.5,0.6,8.9,26.9,,0.5,1.1,1.6,0.054,,0.8,-0.9,-0.2,0.7
186,Dwight Howard\howardw01,PF,20,ORL,82,3021,19.3,0.565,0.002,0.679,12.1,29.2,20.9,7.2,1.2,3,15.9,21.3,,4.2,4.4,8.6,0.137,,1.1,-0.1,1,2.3
187,Josh Howard\howarjo01,SF,25,DAL,59,1915,19.3,0.536,0.085,0.359,7.9,15.3,11.7,10.4,1.9,1,8.4,22.9,,4.4,2.3,6.7,0.168,,2.2,0,2.2,2
188,Juwan Howard\howarju01,PF,32,HOU,80,2537,12.5,0.499,0.005,0.222,7.9,16.7,12.4,8.4,1.1,0.3,12.4,20.2,,0.6,3,3.7,0.069,,-2,-0.6,-2.6,-0.4
189,Troy Hudson\hudsotr01,PG,29,MIN,36,800,12.2,0.48,0.303,0.156,1.2,5.3,3.3,23.3,0.8,0.4,10.1,23.5,,0.3,0.4,0.7,0.042,,-0.1,-2,-2.1,0
190,Larry Hughes\hughela01,SG,27,CLE,36,1281,14,0.504,0.162,0.412,2.4,12.6,7.4,17.5,2.2,1.3,15.2,23.6,,0.3,1.5,1.8,0.067,,-1.4,0.1,-1.3,0.2
191,Kris Humphries\humphkr01,PF,20,UTA,62,619,10.3,0.406,0.025,0.32,10.9,20,15.4,8.6,2,2.2,11.8,19.7,,-0.6,0.8,0.2,0.019,,-4,-0.5,-4.5,-0.4
192,Lindsey Hunter\hunteli01,PG,35,DET,30,353,10.5,0.427,0.43,0.04,3.3,10.2,6.7,27.1,3,0.2,16.4,16.4,,0,0.5,0.5,0.066,,-3.6,2,-1.6,0
193,Steven Hunter\huntest01,C,24,PHI,69,1312,13.9,0.598,0,0.474,9.8,14.4,12.1,2.1,0.5,4.4,15.4,14.4,,1.5,1,2.5,0.09,,-1.4,-0.9,-2.4,-0.1
194,Andre Iguodala\iguodan01,SF,22,PHI,82,3086,14.8,0.598,0.23,0.507,4.4,13.8,9.1,12.9,2.3,0.5,15.4,14.7,,4.9,2.6,7.5,0.116,,0.2,0.4,0.6,2
195,Zydrunas Ilgauskas\ilgauzy01,C,30,CLE,78,2283,21.9,0.576,0.006,0.427,12.6,18.1,15.3,7.4,0.9,4.6,12.8,24.6,,5.6,3.1,8.7,0.184,,1.4,0.2,1.6,2.1
196,D.J. Mbenga\mbengdj01,C,25,DAL,43,237,13.4,0.538,0.017,0.333,9.8,18.4,14.2,1.4,1.4,8.1,18.9,16.7,,0,0.4,0.5,0.092,,-4.7,2.1,-2.6,0
197,Allen Iverson*\iversal01,PG,30,PHI,72,3103,25.9,0.543,0.122,0.455,1.7,7.1,4.4,34.9,2.3,0.2,10.2,35.8,,8.8,1.8,10.6,0.165,,5.8,-1,4.8,5.3
198,Royal Ivey\iveyro01,PG,24,ATL,73,978,8.4,0.467,0.038,0.125,3.7,8.2,5.9,12.2,1.3,0.5,7.6,14,,0.6,0,0.7,0.034,,-3.7,-0.9,-4.6,-0.6
199,Jarrett Jack\jackja01,SG,22,POR,79,1599,12.3,0.528,0.178,0.374,1.3,10.8,6,23.2,1.4,0.1,17,17.8,,1.1,0.1,1.2,0.035,,-1.7,-1.4,-3.1,-0.4
200,Bobby Jackson\jacksbo01,PG,32,MEM,71,1775,14.6,0.497,0.444,0.195,3,12.1,7.6,20.7,1.9,0,11.1,25,,1,2.5,3.5,0.095,,0.6,-0.2,0.4,1.1
201,Jermaine Jackson\jacksje01,PG,29,MIL,30,202,8.2,0.544,0.154,0.538,4.6,11.4,7.9,17.8,1,0.4,28.8,10.2,,0.1,0.1,0.2,0.047,,-2.6,-0.1,-2.7,0
202,Jim Jackson\jacksji01,SF,35,TOT,40,512,3,0.365,0.463,0.081,2.4,14,8.3,9.1,1.2,0.8,17.4,17.6,,-1.3,0.5,-0.8,-0.078,,-6.2,-0.3,-6.5,-0.6
202,Jim Jackson\jacksji01,SF,35,PHO,27,420,3.2,0.367,0.488,0.101,3,13.7,8.5,9.6,1.2,1,18.2,17.6,,-1.1,0.4,-0.7,-0.075,,-6.2,0.2,-6,-0.4
202,Jim Jackson\jacksji01,SF,35,LAL,13,92,2.1,0.355,0.355,0,0,15.3,7.7,6.6,1.1,0,13.9,17.8,,-0.2,0.1,-0.2,-0.089,,-6.5,-2.4,-8.9,-0.2
203,Luke Jackson\jackslu02,SF,24,CLE,36,315,7.9,0.482,0.424,0.388,6,9.1,7.5,12.4,1.9,0.5,23.8,19.2,,-0.3,0.3,0,-0.003,,-3.3,-0.7,-4,-0.2
204,Marc Jackson\jacksma02,C,31,TOT,64,1027,12.5,0.512,0.005,0.222,9.7,15.4,12.5,7.9,0.7,0.6,13.8,21.5,,0.3,0.9,1.2,0.057,,-2.4,-1.8,-4.2,-0.6
204,Marc Jackson\jacksma02,C,31,NJN,37,433,10.7,0.503,0,0.324,8,16.2,12.1,9.2,0.6,1.1,14.2,21.4,,0,0.6,0.6,0.061,,-4,-0.7,-4.6,-0.3
204,Marc Jackson\jacksma02,C,31,NOK,27,594,13.9,0.519,0.009,0.154,10.9,14.8,12.8,7,0.7,0.3,13.6,21.5,,0.3,0.4,0.7,0.054,,-1.3,-2.6,-3.9,-0.3
205,Stephen Jackson\jacksst02,SG,27,IND,81,2910,13.6,0.512,0.295,0.297,2,10.1,6.2,14.2,1.9,1.1,13.5,24,,0.5,3.9,4.4,0.073,,-0.6,0.5,-0.1,1.4
206,Jerome James\jamesje01,C,30,NYK,45,406,6.3,0.494,0,0.331,11.6,15.7,13.6,5.2,0.4,4.6,26.9,21.2,,-0.7,0.2,-0.5,-0.062,,-8.2,-1.1,-9.3,-0.8
207,LeBron James\jamesle01,SF,21,CLE,79,3361,28.1,0.568,0.208,0.447,2.6,17.1,9.8,32.8,2,1.5,10.7,33.6,,12,4.3,16.3,0.232,,7.5,1.6,9.1,9.4
208,Mike James\jamesmi01,PG,30,TOR,79,2925,19.8,0.583,0.311,0.275,1.8,9.5,5.5,28.2,1.3,0.1,13,25,,7.7,-0.1,7.6,0.125,,4,-2.2,1.8,2.9
209,Antawn Jamison\jamisan01,SF,29,WAS,82,3288,17.7,0.518,0.25,0.199,5.7,21.8,13.5,8.7,1.4,0.3,7.8,23.9,,4.9,3.2,8.2,0.119,,2.4,-1.2,1.2,2.7
210,Marko Jarić\jaricma01,PG,27,MIN,75,2102,11.7,0.468,0.235,0.244,3.5,9.6,6.7,22.5,2.8,0.8,16.8,17,,-0.3,2.6,2.3,0.053,,-2.1,1.4,-0.7,0.7
211,Šarūnas Jasikevičius\jasiksa01,PG,29,IND,75,1557,12.9,0.561,0.55,0.31,1.5,9.6,5.7,24.4,1.4,0.2,19.2,18,,1.6,1.7,3.3,0.103,,0.1,0,0.1,0.9
212,Al Jefferson\jeffeal01,PF,21,BOS,59,1062,16.2,0.53,0.011,0.354,11.4,22.6,17.2,5,1.5,3.3,12.4,21.6,,0.9,1.5,2.3,0.105,,-1.7,-0.4,-2.1,0
213,Richard Jefferson\jefferi01,SF,25,NJN,78,3059,18.9,0.603,0.187,0.577,3.6,17.1,10.2,18,1,0.5,12.1,22.1,,7.6,4.1,11.7,0.184,,2.6,0.5,3.1,3.9
214,Jared Jeffries\jeffrja01,PF,24,WAS,77,1951,11.6,0.5,0.12,0.405,9.5,13.2,11.3,11.6,1.5,2,16.8,13.4,,1.4,1.7,3.1,0.076,,-1.1,0.4,-0.8,0.6
215,Amir Johnson\johnsam01,SF,18,DET,3,39,20.3,0.85,0.3,0.4,9,3.1,6.1,13.4,0,3.7,25.4,19.2,,0.1,0,0.2,0.208,,1.1,-0.7,0.4,0
216,Anthony Johnson\johnsan02,PG,31,IND,75,1981,14.2,0.52,0.257,0.234,1.9,7.7,4.9,28.6,1.7,0.8,14.7,18.3,,2.2,2.3,4.5,0.108,,0.2,0.4,0.7,1.3
217,DerMarr Johnson\johnsde03,SG,25,DEN,58,924,11.7,0.545,0.523,0.137,2.4,9.6,6.1,9.5,1.4,2.1,12.4,17.9,,0.5,0.8,1.3,0.07,,-0.6,-0.2,-0.8,0.3
218,Ervin Johnson\johnser02,C,38,MIL,18,81,3.1,0.419,0,0.118,7.2,28.4,17.6,3.7,0.6,2,21.9,12.9,,-0.1,0.1,0,-0.01,,-9.2,-0.7,-9.9,-0.2
219,Joe Johnson\johnsjo02,SG,24,ATL,82,3340,17.9,0.537,0.258,0.237,3.4,8.8,6,29.1,1.6,0.7,14.8,24.6,,5.5,0.4,6,0.086,,3.1,-2.1,1,2.5
220,Linton Johnson\johnsli01,SF,25,TOT,36,524,10.1,0.476,0.242,0.181,8.9,19.1,13.8,4.5,1.2,1.9,14.8,16.8,,-0.2,0.6,0.4,0.036,,-3,-1.1,-4.1,-0.3
220,Linton Johnson\johnsli01,SF,25,NJN,9,35,4.4,0.468,0,0.4,0,23.8,11.7,10.2,3.1,0,25.4,21.2,,-0.1,0.1,0,-0.065,,-9,1.8,-7.2,0
220,Linton Johnson\johnsli01,SF,25,NOK,27,489,10.5,0.476,0.259,0.165,9.5,18.8,14,4.1,1.1,2,13.9,16.5,,-0.1,0.5,0.4,0.043,,-2.5,-1.3,-3.9,-0.2
221,Dahntay Jones\jonesda02,SF,25,MEM,71,967,8,0.462,0.08,0.354,2.5,10.4,6.5,7,2.2,1.2,14.1,17.8,,-0.9,1.5,0.6,0.029,,-5.3,0.9,-4.4,-0.6
222,Damon Jones\jonesda01,PG,29,CLE,82,2089,9.3,0.538,0.756,0.102,0.8,6.8,3.8,12.6,0.9,0,9.7,12.6,,2.2,1.1,3.4,0.077,,-0.6,-0.5,-1.1,0.5
223,Dwayne Jones\jonesdw02,PF,22,BOS,14,87,9.2,0.445,0,1.3,14.4,28.7,21.7,3.3,0.6,2.6,16,9.9,,0,0.1,0.1,0.081,,-3.8,-1,-4.8,-0.1
224,Eddie Jones\jonesed02,SG,34,MEM,75,2437,14.7,0.542,0.518,0.298,1.8,12,6.9,12.7,3,0.9,10.2,18.1,,3,4.2,7.2,0.141,,-0.1,2.3,2.2,2.6
225,Fred Jones\jonesfr01,SG,26,IND,68,1837,11,0.517,0.335,0.286,1.2,9.3,5.3,14.5,1.6,0.8,14.5,18.7,,0.4,2.2,2.6,0.069,,-1.8,0.7,-1,0.4
226,James Jones\jonesja02,SF,25,PHO,75,1772,13.2,0.551,0.491,0.208,2.8,12.8,7.9,4.5,1.1,1.9,5.2,16.9,,2.3,1.7,4,0.11,,0.1,-0.2,-0.1,0.9
227,Jumaine Jones\jonesju01,PF,26,CHA,76,2089,12.1,0.506,0.455,0.164,5.5,16.1,10.4,5,1.7,0.8,8.6,18.3,,1.2,1.8,3,0.068,,-0.9,-0.9,-1.7,0.2
228,Chris Kaman\kamanch01,C,23,LAC,78,2560,15,0.57,0.003,0.357,8.9,24.5,17,5,0.9,3.2,17.7,17.9,,1.8,4.3,6.1,0.114,,-1.3,0.6,-0.7,0.8
229,Jason Kapono\kaponja01,SF,24,MIA,51,665,9,0.54,0.299,0.186,2.2,10,6.3,8.6,0.6,0.3,9.5,14.7,,0.7,0.5,1.2,0.085,,-2.3,-0.5,-2.8,-0.1
230,Mario Kasun\kasunma01,C,25,ORL,28,213,8.9,0.506,0,0.333,14.3,20.3,17.4,2.4,0.5,1.1,15.9,20.9,,0.1,0.2,0.3,0.059,,-7.2,-1.8,-9,-0.4
231,Viktor Khryapa\khryavi01,SF,23,POR,69,1492,11.5,0.516,0.088,0.325,9.1,15.8,12.4,9.8,1.8,1.5,17.7,15.1,,0.6,0.7,1.3,0.042,,-2.8,-0.5,-3.3,-0.5
232,Jason Kidd*\kiddja01,PG,32,NJN,80,2975,19.2,0.526,0.436,0.27,3.3,19.8,11.4,39,2.7,0.8,15.9,19.1,,4.5,5.6,10.1,0.163,,2.8,2.6,5.4,5.5
233,Andrei Kirilenko\kirilan01,SF,24,UTA,69,2604,20.7,0.556,0.16,0.678,7.4,18.4,12.9,20.5,2.1,7,17.6,20.5,,3.6,4.3,7.9,0.145,,3.4,3.1,6.6,5.6
234,Linas Kleiza\kleizli01,PF,21,DEN,61,519,13.2,0.51,0.075,0.468,8.7,17.4,13.1,4.6,1,1.9,7.1,19.4,,0.6,0.6,1.2,0.111,,-2.9,-0.8,-3.7,-0.2
235,Brevin Knight\knighbr01,PG,30,CHA,69,2351,17.3,0.478,0.017,0.407,1.6,9.9,5.5,42.3,3.4,0.1,15.3,20.3,,2.5,2.5,4.9,0.101,,0.4,1,1.4,2
236,Yaroslav Korolev\korolya01,SF,18,LAC,24,127,4.8,0.392,0.233,0.333,4.8,7,5.9,10.3,1.2,0,14.9,14.7,,-0.1,0.1,0,-0.013,,-4.7,-0.9,-5.6,-0.1
237,Kyle Korver\korveky01,SF,24,PHI,82,2563,12.3,0.577,0.576,0.156,1.2,11.1,6.2,10.2,1.3,0.8,10.8,16.2,,3.2,1.3,4.6,0.086,,0.3,-0.9,-0.6,0.9
238,Nenad Krstić\krstine01,PF,22,NJN,80,2469,14.4,0.541,0.005,0.301,8.5,15.9,12.2,6.8,0.7,2.1,11.8,21.6,,2,3.4,5.4,0.105,,-1.9,-0.4,-2.2,-0.1
239,Toni Kukoč\kukocto01,PF,37,MIL,65,1018,11.9,0.491,0.493,0.188,3,14.7,8.8,21.5,1.7,1.3,17,17.4,,0.2,0.9,1.1,0.053,,-0.3,0.5,0.3,0.6
240,Raef LaFrentz\lafrera01,PF,29,BOS,82,2033,12,0.546,0.518,0.136,4.9,19.1,12.2,9,0.7,2.7,10,14.7,,2.2,2,4.3,0.101,,-0.4,0.2,-0.1,1
241,Maciej Lampe\lampema01,C,20,TOT,6,28,-4.4,0.168,0,0.182,16.9,21.3,19,10,0,0,20.2,25.2,,-0.2,0,-0.2,-0.332,,-11.9,-6.4,-18.3,-0.1
241,Maciej Lampe\lampema01,C,20,NOK,2,16,-6.1,0,0,0,7.2,22.9,14.9,17.5,0,0,20,14.6,,-0.1,0,-0.1,-0.257,,-10.6,-2.6,-13.1,0
241,Maciej Lampe\lampema01,C,20,HOU,4,12,-2.1,0.254,0,0.286,29.8,19.2,24.4,0,0,0,20.2,39.3,,-0.1,0,-0.1,-0.432,,-13.8,-11.4,-25.2,-0.1
242,David Lee\leeda02,SF,22,NYK,67,1129,15.4,0.607,0,0.535,11.6,21.1,16.3,6.5,1.4,1.5,15.2,13.5,,2,0.8,2.7,0.116,,0.7,-0.6,0.1,0.6
243,Voshon Lenard\lenarvo01,SG,32,TOT,26,458,10.9,0.467,0.408,0.162,1.3,10.8,6.1,15.6,2.4,0.7,13.2,23.7,,-0.5,0.3,-0.1,-0.013,,-1.9,-0.3,-2.2,0
243,Voshon Lenard\lenarvo01,SG,32,DEN,12,238,10.1,0.455,0.34,0.126,1,12.6,6.9,12.7,1.7,0.6,9.2,22.5,,-0.2,0.2,0,0.005,,-2.1,0.3,-1.8,0
243,Voshon Lenard\lenarvo01,SG,32,POR,14,220,11.8,0.48,0.489,0.205,1.6,8.9,5.2,18.8,3.2,0.7,17.3,25,,-0.3,0.1,-0.1,-0.031,,-1.7,-0.9,-2.7,0
244,Rashard Lewis\lewisra02,SF,26,SEA,78,2876,20,0.585,0.321,0.372,4.6,11.9,8.2,10.7,1.9,1.3,9.5,23.1,,8.2,0.1,8.3,0.138,,4.2,-1.6,2.7,3.4
245,Randy Livingston\livinra01,PG,30,CHI,5,22,-3,0,0,0,5.2,15.6,10.4,6,2.3,0,33.3,6.2,,-0.1,0,0,-0.045,,-11.9,3.3,-8.6,0
246,Shaun Livingston\livinsh01,PG,20,LAC,61,1525,10.2,0.46,0.023,0.221,3.3,10.4,7,27.2,1.6,1.6,22.5,15,,-0.5,1.8,1.3,0.041,,-2.6,0.7,-1.9,0.1
247,John Lucas III\lucasjo02,PG,23,HOU,13,107,7.7,0.417,0.25,0,2.2,3.2,2.7,20.3,2.5,0,16.3,19.2,,-0.2,0.1,-0.1,-0.027,,-3.8,-0.5,-4.4,-0.1
248,Tyronn Lue\luety01,PG,28,ATL,51,1234,15.5,0.585,0.304,0.33,1.2,6.9,4,21.7,1.1,0.2,13.5,20.4,,2.8,-0.1,2.7,0.104,,1.5,-2.2,-0.7,0.4
249,Arvydas Macijauskas\macijar01,SG,26,NOK,19,135,8.3,0.462,0.293,0.366,2.6,6.3,4.4,6.1,2.8,0,14.4,19.2,,-0.1,0.1,0,-0.001,,-4.3,0,-4.2,-0.1
250,Mark Madsen\madsema01,C,30,MIN,62,676,5.3,0.427,0.106,0.712,9.1,15.7,12.5,2.4,1.8,1.9,23.1,7.9,,-0.3,0.9,0.6,0.043,,-5.7,0.9,-4.8,-0.5
251,Corey Maggette\maggeco01,SF,26,LAC,32,943,18.9,0.584,0.189,0.683,3.6,16.6,10.4,12.1,1.1,0.3,13.8,27.7,,1.9,1.1,3,0.154,,1.6,-0.7,0.9,0.7
252,Jamaal Magloire\magloja01,C,27,MIL,82,2465,11.1,0.494,0,0.541,10.4,27.4,18.8,3.6,0.6,2.6,17.9,17.2,,-0.8,2.9,2,0.039,,-3.3,-0.8,-4.1,-1.3
253,Stephon Marbury\marbust01,PG,28,NYK,60,2193,16.4,0.532,0.134,0.421,1.4,8.4,4.9,31.7,1.5,0.1,14.6,22.2,,3.5,0.3,3.9,0.084,,1.8,-1.7,0.1,1.1
254,Shawn Marion\mariosh01,PF,27,PHO,81,3263,23.6,0.591,0.212,0.218,8.7,23.6,16.3,6.8,2.5,2.9,7.7,22.3,,8.6,5.9,14.6,0.214,,3.5,1.3,4.8,5.6
255,Sean Marks\marksse01,PF,30,SAS,25,181,17.9,0.531,0.042,0.169,8,19.8,14,7,1.5,2.8,8.4,22,,0.2,0.4,0.6,0.156,,-1.1,1,-0.1,0.1
256,Donyell Marshall\marshdo01,PF,32,CLE,81,2077,13.4,0.517,0.589,0.183,5.9,22.3,14,4.8,1.5,1.5,11,18.2,,1.4,2.8,4.2,0.097,,0.2,-0.1,0.1,1.1
257,Rawle Marshall\marshra01,SF,23,DAL,23,241,10.1,0.488,0.05,0.483,4.1,11.3,7.7,6.5,1.8,2.2,17.1,17,,-0.1,0.3,0.2,0.043,,-1.8,0,-1.8,0
258,Darrick Martin\martida01,PG,34,TOR,40,339,11.5,0.474,0.412,0.247,0.7,6.8,3.6,25.7,2.6,0,12.2,16.7,,0.3,0.1,0.4,0.052,,-1.6,-0.5,-2.1,0
259,Kenyon Martin\martike01,PF,28,DEN,56,1546,16.7,0.533,0.037,0.283,7.1,19.4,13.3,8.8,1.4,2.5,9.6,21.6,,1.8,2,3.8,0.117,,-0.3,0.4,0.1,0.8
260,Kevin Martin\martike02,SG,22,SAC,72,1913,14.8,0.604,0.328,0.407,3.6,12.3,8,8.3,1.5,0.3,11.2,17.4,,3.6,1.9,5.5,0.137,,0.4,0,0.4,1.2
261,Desmond Mason\masonde01,SF,28,NOK,70,2102,9.2,0.46,0.009,0.438,3.5,13.6,8.4,5.4,1.1,0.7,12.1,20.8,,-1.7,1.4,-0.2,-0.005,,-3.5,-1.4,-4.9,-1.5
262,Jason Maxiell\maxieja01,PF,22,DET,26,159,8,0.414,0,0.778,8.9,12.1,10.5,3.1,1.4,2.3,13.2,24.9,,-0.4,0.2,-0.2,-0.054,,-6.4,-2.8,-9.2,-0.3
263,Sean May\mayse01,PF,21,CHA,23,398,15.3,0.474,0.029,0.374,11.5,20.9,15.9,9.7,2.2,2.3,14.2,25.9,,-0.1,0.5,0.4,0.047,,-2,-0.6,-2.6,0
264,Rashad McCants\mccanra01,SG,21,MIN,79,1362,12.6,0.539,0.336,0.198,2.6,9.8,6.3,8.4,1.7,1.2,12.9,23.3,,0.2,1.4,1.6,0.058,,-1.3,-0.3,-1.7,0.1
265,Walter McCarty\mccarwa01,SF,31,LAC,36,353,5.9,0.407,0.455,0.212,5.2,16.7,11.2,9.8,1.2,1.1,14.9,16.7,,-0.5,0.5,0,-0.001,,-4.7,0,-4.7,-0.2
266,Antonio McDyess\mcdyean01,PF,31,DET,82,1733,15.5,0.52,0.004,0.218,10.6,19.4,15,8.8,1.5,2,11,18.9,,1.9,2.8,4.6,0.128,,-1.7,0.5,-1.2,0.3
267,Tracy McGrady*\mcgratr01,SF,26,HOU,47,1745,21.9,0.494,0.231,0.336,3.1,17.2,10.3,28.8,1.8,1.9,9.4,35,,1.4,2.7,4.1,0.112,,4.8,0.7,5.4,3.3
268,Jeff McInnis\mcinnje01,SG,31,NJN,28,486,9.2,0.478,0.112,0.203,2.6,9.5,6,18.7,1.2,0.3,15.7,17.9,,-0.2,0.6,0.3,0.031,,-2.9,-0.3,-3.3,-0.2
269,Aaron McKie\mckieaa01,PG,33,LAL,14,121,6.1,0.272,0.167,0.167,2.9,16.5,9.7,12.5,2.2,0,13.4,5.6,,0,0.1,0.1,0.041,,-4.5,2.1,-2.4,0
270,Keith McLeod\mcleoke01,PG,26,UTA,66,1232,8.6,0.464,0.241,0.391,1.1,6.7,3.8,20.7,1.9,0.6,16,17.8,,-0.2,0.8,0.6,0.024,,-3.7,-0.8,-4.5,-0.8
271,Stanislav Medvedenko\medvest01,PF,26,LAL,2,6,11,0.5,0,0,0,0,0,28.4,0,0,0,15.2,,0,0,0,0.114,,-0.7,-0.8,-1.4,0
272,Chris Mihm\mihmch01,C,26,LAL,59,1541,15.3,0.552,0,0.438,10.5,18,14.2,6.6,0.5,3.6,13.2,18.7,,2.2,1.7,4,0.124,,-1.4,-0.5,-1.9,0
273,Aaron Miles\milesaa01,PG,22,GSW,19,118,6,0.405,0,0.222,0,13.6,6.6,29.5,1.7,0.6,35.8,11.6,,-0.2,0.1,0,-0.015,,-5.7,0.8,-5,-0.1
274,C.J. Miles\milescj01,PG,18,UTA,23,203,13.8,0.456,0.263,0.316,10.7,12,11.3,14.3,1.9,0.8,9.4,21.8,,0.1,0.2,0.3,0.076,,-0.2,-1.6,-1.8,0
275,Darius Miles\milesda01,SF,24,POR,40,1286,12.5,0.48,0.02,0.32,2.2,15,8.5,10.8,1.8,2.3,14.5,25.1,,-1.6,0.6,-1,-0.037,,-2.5,-0.9,-3.4,-0.4
276,Darko Miličić\milicda01,C,20,TOT,55,767,15.2,0.52,0.009,0.214,7.2,16.8,12.1,9.2,1,7.8,16.6,19,,0,1.1,1.2,0.073,,-2.3,2.2,-0.2,0.4
276,Darko Miličić\milicda01,C,20,DET,25,140,10.1,0.507,0.061,0.242,8.4,15.5,11.9,10.2,1.2,7.8,29.1,17.5,,-0.2,0.3,0,0.016,,-6.9,3.5,-3.4,0
276,Darko Miličić\milicda01,C,20,ORL,30,627,16.3,0.522,0,0.209,6.9,17.1,12.1,9,1,7.8,14.1,19.3,,0.3,0.9,1.1,0.086,,-1.3,1.8,0.6,0.4
277,Andre Miller\millean02,PG,29,DEN,82,2937,16.4,0.532,0.031,0.486,3.7,10.2,7,36.2,1.8,0.5,19.5,20,,3.6,2.6,6.2,0.101,,0.6,-0.4,0.2,1.7
278,Brad Miller\millebr01,C,29,SAC,79,2923,17.5,0.576,0.1,0.385,4.9,19.5,12.3,21.5,1.1,1.6,14.9,18.9,,5.5,3.6,9.1,0.15,,1.5,1,2.5,3.3
279,Mike Miller\millemi01,SG,25,MEM,74,2268,17.2,0.595,0.446,0.276,2.3,18.8,10.6,16.5,1.3,1,14.1,21.3,,3.9,3.5,7.4,0.157,,2.4,0.6,3,2.9
280,Yao Ming*\mingya01,C,25,HOU,57,1949,25.6,0.592,0.001,0.439,9.1,25.6,17.5,9.8,0.8,3.9,12,29.9,,5,3.5,8.6,0.211,,3.5,0.9,4.4,3.2
281,Cuttino Mobley\moblecu01,SG,30,LAC,79,2979,13.1,0.519,0.243,0.271,2,10.9,6.6,13.1,1.6,0.9,11.4,19.8,,1.9,3.4,5.3,0.086,,-0.7,0.5,-0.2,1.3
282,Nazr Mohammed\mohamna01,C,28,SAS,80,1389,15,0.56,0,0.382,14.2,21.2,17.8,4.7,0.8,2.5,17.1,18.3,,1.7,2.8,4.5,0.156,,-2.4,0.4,-2,0
283,Sergei Monia\moniase01,SF,22,TOT,26,343,6.3,0.413,0.391,0.161,3.8,14.6,9.1,8.9,1.1,1.1,11.4,14.5,,-0.3,0.1,-0.2,-0.025,,-4.2,-1.1,-5.3,-0.3
283,Sergei Monia\moniase01,SF,22,POR,23,336,6.2,0.415,0.388,0.141,3.9,14.5,9.1,9.1,1,1.1,11.7,14.4,,-0.2,0.1,-0.2,-0.026,,-4.1,-1.2,-5.3,-0.3
283,Sergei Monia\moniase01,SF,22,SAC,3,7,12.1,0.347,0.5,1,0,16.5,8.4,0,7.5,0,0,18.9,,0,0,0,0.062,,-6.6,2,-4.6,0
284,Mikki Moore\mooremi01,C,30,SEA,47,583,8.6,0.509,0.016,0.5,9,18.1,13.5,6.8,0.6,2,20.9,14.7,,0.1,0,0.1,0.006,,-3.9,-1.5,-5.5,-0.5
285,Terence Morris\morrite01,SF,27,ORL,22,192,5.1,0.348,0.041,0.061,4,20,12.2,3.2,1.7,2.1,12.2,14.1,,-0.4,0.2,-0.1,-0.031,,-5,0.6,-4.4,-0.1
286,Alonzo Mourning*\mournal01,C,35,MIA,65,1302,19.4,0.615,0.003,0.711,11.8,20.3,16.2,1.4,0.5,10.2,16,17.5,,2.1,2.6,4.8,0.176,,-0.7,2.5,1.8,1.2
287,Troy Murphy\murphtr01,PF,25,GSW,74,2516,15.9,0.529,0.216,0.381,8.4,24.9,16.5,6.7,1,0.8,9.9,19.2,,3.5,3,6.5,0.125,,0.5,-0.9,-0.3,1.1
288,Lamond Murray\murrala01,SF,32,NJN,57,576,10.8,0.493,0.431,0.221,5.8,21.3,13.4,3.9,1.6,1,10,18,,-0.1,1,0.9,0.076,,-2.8,-0.2,-3,-0.1
289,Ronald Murray\murraro01,SG,26,TOT,76,2112,11.5,0.487,0.184,0.315,1.8,6.9,4.3,15.4,1.7,0.4,13.4,21.7,,0.2,0.5,0.7,0.015,,-1.6,-1.6,-3.2,-0.6
289,Ronald Murray\murraro01,SG,26,SEA,48,1085,11.2,0.463,0.169,0.306,2,7.7,4.8,18.1,1.4,0.3,13.4,24.4,,-0.3,-0.3,-0.7,-0.029,,-1.6,-3.3,-4.9,-0.8
289,Ronald Murray\murraro01,SG,26,CLE,28,1027,11.9,0.52,0.205,0.328,1.7,6.1,3.9,12.6,2,0.5,13.4,18.9,,0.5,0.9,1.3,0.062,,-1.5,0.1,-1.4,0.2
290,Dikembe Mutombo*\mutomdi01,C,39,HOU,64,955,12.7,0.626,0,0.958,12.5,24.9,18.8,0.7,1,4.9,20.6,8.5,,1.3,1.8,3.1,0.156,,-2.3,1.5,-0.8,0.3
291,Boniface N'Dong\ndongbo01,C,28,LAC,23,152,11,0.439,0.019,0.17,12,16.1,14.1,7.5,0.7,2.5,9.5,19.1,,0,0.2,0.2,0.058,,-3.8,-1.2,-5,-0.1
292,Boštjan Nachbar\nachbbo01,PF-SF,25,TOT,36,502,7.2,0.448,0.455,0.282,1.8,12.6,7.1,8.9,1.7,0.8,12,18.6,,-0.4,0.5,0.1,0.005,,-4.4,-0.2,-4.6,-0.3
292,Boštjan Nachbar\nachbbo01,PF,25,NOK,25,405,7.3,0.451,0.46,0.29,1.1,13.6,7.2,8.9,1.7,1,12.5,18.4,,-0.3,0.4,0,0.002,,-3.9,0.2,-3.8,-0.2
292,Boštjan Nachbar\nachbbo01,SF,25,NJN,11,97,6.9,0.436,0.438,0.25,4.8,8.6,6.6,8.9,1.7,0,10.1,19.2,,-0.1,0.1,0,0.016,,-6.4,-1.7,-8.1,-0.1
293,Lee Nailon\nailole01,PF,30,PHI,22,237,14.5,0.537,0,0.188,11.3,9.4,10.4,5,1.7,1.3,10.4,18.6,,0.3,0.2,0.5,0.096,,-1.4,-1.3,-2.7,0
294,Eduardo Nájera\najered01,PF,29,DEN,64,1449,10.9,0.494,0.04,0.379,10.4,15.7,13.1,5.2,1.9,1.8,13.3,12.5,,1,1.8,2.7,0.09,,-2.3,0.5,-1.8,0.1
295,Steve Nash*\nashst01,PG,31,PHO,79,2796,23.3,0.632,0.324,0.264,1.9,11.1,6.6,44.4,1.1,0.3,19,23.3,,10.3,2.1,12.4,0.212,,5.7,-0.7,5,4.9
296,Jameer Nelson\nelsoja01,PG,23,ORL,62,1784,19.5,0.567,0.229,0.252,2.8,9.5,6.2,31.5,2.1,0.4,15.6,25.1,,3.5,1.4,4.9,0.132,,2.6,-0.6,2,1.8
297,Rasho Nesterović\nestera01,C,29,SAS,80,1515,11,0.521,0.006,0.09,9.1,14.8,12.1,3.4,0.8,4.2,13.2,12.6,,0.9,2.9,3.7,0.118,,-3.3,1.8,-1.5,0.2
298,Ira Newble\newblir01,SG,31,CLE,36,353,4,0.375,0.228,0.281,7,11.9,9.4,3.7,0.8,2.2,15.8,10,,-0.3,0.3,0.1,0.009,,-5.3,0.1,-5.2,-0.3
299,Andrés Nocioni\nocioan01,PF,26,CHI,82,2239,16.1,0.567,0.286,0.291,4.6,21,12.8,9,0.9,1.8,11.3,21.3,,3.3,3.4,6.7,0.144,,0.8,0.9,1.7,2.1
300,Moochie Norris\norrimo01,PG,32,TOT,45,424,10.1,0.479,0.125,0.375,3.4,11.7,7.5,20.1,2.6,0.2,20.2,18.2,,-0.3,0.5,0.3,0.029,,-4.2,1.3,-3,-0.1
300,Moochie Norris\norrimo01,PG,32,HOU,29,241,10.4,0.448,0.077,0.262,4.5,12,8.3,20.9,3.2,0.3,18.1,17.5,,-0.2,0.4,0.2,0.046,,-4.6,2.6,-1.9,0
300,Moochie Norris\norrimo01,PG,32,NOK,16,183,9.6,0.517,0.191,0.532,1.9,11.4,6.5,19,1.8,0,22.7,19.1,,-0.1,0.1,0,0.006,,-3.8,-0.6,-4.3,-0.1
301,Dirk Nowitzki\nowitdi01,PF,27,DAL,81,3089,28.1,0.589,0.173,0.382,4.6,23.4,14.2,14.7,1,2.1,7.9,30,,13.5,4.3,17.7,0.275,,7.8,0.4,8.1,7.9
302,Jermaine O'Neal\onealje01,PF,27,IND,51,1802,20.4,0.53,0.012,0.457,6.7,23.2,15.2,14.9,0.8,4.7,13.5,28.9,,1.4,3.5,4.9,0.131,,0.6,1.7,2.3,2
303,Shaquille O'Neal*\onealsh01,C,33,MIA,59,1806,24.4,0.586,0,0.589,11.7,23.1,17.6,12.4,0.7,4.4,14.3,30,,3.3,2.9,6.2,0.164,,2.4,0.3,2.7,2.1
304,Fabricio Oberto\obertfa01,C,30,SAS,59,490,9.3,0.491,0.022,0.29,14.1,15.5,14.8,8.3,1,1.6,21.1,12.9,,0.2,0.9,1.1,0.105,,-4.3,1.1,-3.2,-0.2
305,Lamar Odom\odomla01,PF,26,LAL,80,3221,17,0.558,0.232,0.338,6.6,20.3,13.5,22.4,1.2,1.5,16.7,18.1,,5.4,3.8,9.2,0.137,,2.1,0.6,2.7,3.9
306,Emeka Okafor\okafoem01,PF,23,CHA,26,874,14.9,0.464,0,0.396,11.7,23.7,17.3,6,1.3,4.4,12.5,21.5,,-0.2,1.1,1,0.054,,-1.7,-0.4,-2.1,0
307,Mehmet Okur\okurme01,PF,26,UTA,82,2945,19,0.554,0.207,0.402,8.6,22.2,15.4,12.8,0.7,2.1,10.9,23.5,,6.3,3,9.3,0.152,,2.4,-0.8,1.6,2.7
308,Kevin Ollie\ollieke01,SG,33,PHI,70,1069,7.8,0.491,0.017,0.282,1.4,9.3,5.4,13.8,1.6,0.2,12.9,9.6,,0.5,0.5,1.1,0.048,,-3.8,0.1,-3.7,-0.5
309,Michael Olowokandi\olowomi01,C,30,TOT,48,919,8.3,0.456,0,0.196,6.7,21.7,14.4,4.1,1.3,2.7,17.4,16.2,,-1.1,1.4,0.3,0.014,,-5.3,0.3,-5,-0.7
309,Michael Olowokandi\olowomi01,C,30,MIN,32,752,8.6,0.455,0,0.2,7.4,20.8,14.3,3.7,1.4,2.7,16.2,16,,-0.8,1.2,0.4,0.023,,-5.2,0.4,-4.9,-0.5
309,Michael Olowokandi\olowomi01,C,30,BOS,16,167,6.8,0.464,0,0.178,3.7,25.6,15,5.8,0.9,2.7,22.4,17.2,,-0.3,0.2,-0.1,-0.028,,-5.7,0.2,-5.5,-0.2
310,Greg Ostertag\ostergr01,C,32,UTA,60,807,11.6,0.503,0,0.387,12.2,21.7,16.9,11.7,0.4,6.8,24.1,11,,0.2,1.1,1.3,0.076,,-3.3,2,-1.4,0.1
311,Bo Outlaw\outlabo01,PF,34,ORL,32,355,11.8,0.61,0,0.138,11.1,15.6,13.4,6.2,1.5,2.7,21.7,10.5,,0.4,0.4,0.7,0.101,,-1.5,1.1,-0.4,0.2
312,Travis Outlaw\outlatr01,PF,21,POR,69,1153,12.9,0.491,0.144,0.242,4.9,14.9,9.9,5.2,1.5,3,8.3,18.3,,0.4,0.5,0.9,0.039,,-1.8,-0.7,-2.5,-0.1
313,Andre Owens\owensan01,PG,25,UTA,23,210,5.2,0.421,0.216,0.243,6.3,5.8,6.1,6.8,1.3,0,13.7,20.9,,-0.3,0.1,-0.2,-0.047,,-6,-2.3,-8.3,-0.3
314,Zaza Pachulia\pachuza01,C,21,ATL,78,2452,15,0.53,0.003,0.593,12.6,17.6,15,8.5,1.9,1.2,17.3,19.2,,2.5,1.4,3.9,0.077,,-0.8,-1.3,-2.1,-0.1
315,Scott Padgett\padgesc01,PF,29,NJN,62,718,12.5,0.489,0.602,0.169,9,18.1,13.5,9.5,2.1,1.4,8.9,15.5,,0.6,1.3,1.8,0.123,,-0.9,0.8,-0.2,0.3
316,Milt Palacio\palacmi01,PG,27,UTA,71,1376,9.9,0.47,0.04,0.372,1.5,10.4,5.9,24.4,1.9,0.8,19,19.5,,-0.9,1.1,0.2,0.008,,-3.4,-0.4,-3.7,-0.6
317,Jannero Pargo\pargoja01,PG,26,CHI,57,646,9.9,0.455,0.353,0.072,1.4,9.4,5.4,24.8,1.9,0.2,16.8,25.3,,-0.9,0.8,-0.1,-0.008,,-2.2,-0.2,-2.4,-0.1
318,Smush Parker\parkesm01,PG,24,LAL,82,2773,13.4,0.548,0.421,0.231,1.6,9.9,5.7,17.3,2.7,0.4,14.6,16.5,,2.8,3,5.8,0.1,,-0.8,0.8,0.1,1.5
319,Tony Parker\parketo01,PG,23,SAS,80,2715,20.8,0.584,0.032,0.315,1.7,9.5,5.7,32.2,1.7,0.1,16.1,27.1,,5.5,4.1,9.6,0.169,,2.4,0.4,2.8,3.3
320,Ruben Patterson\patteru01,SF-SG,30,TOT,71,1792,16.4,0.547,0.02,0.532,7.8,8.4,8.1,12.7,2.3,0.9,16.1,24.1,,1.1,1,2.1,0.055,,0.2,-0.8,-0.5,0.7
320,Ruben Patterson\patteru01,SF,30,POR,45,1056,17,0.537,0.018,0.596,8.2,9.4,8.8,10.7,2.2,0.9,14.6,25.1,,0.7,0.3,1,0.044,,0.8,-1.3,-0.5,0.4
320,Ruben Patterson\patteru01,SG,30,DEN,26,736,15.4,0.563,0.023,0.438,7.2,7.1,7.1,15.6,2.4,0.9,18.2,22.7,,0.4,0.7,1.1,0.071,,-0.6,0,-0.7,0.2
321,Chris Paul\paulch01,PG,20,NOK,78,2808,22.1,0.546,0.187,0.491,2.5,14.8,8.5,38.2,3.4,0.2,13.7,22.2,,6.8,3.6,10.4,0.178,,3,2.2,5.2,5.1
322,Sasha Pavlović\pavloal01,SG,22,CLE,53,813,6.9,0.516,0.453,0.231,2.3,9.4,5.8,4.9,1.2,0.6,15.2,15.7,,-0.1,0.6,0.5,0.03,,-3.5,-0.1,-3.6,-0.3
323,Gary Payton*\paytoga01,PG,37,MIA,81,2305,10.7,0.52,0.42,0.23,1.8,9.7,5.9,16.7,1.6,0.3,14.5,14.1,,1.8,2.3,4.1,0.085,,-1.4,0.5,-0.9,0.6
324,Kendrick Perkins\perkike01,C,21,BOS,68,1332,13.2,0.548,0.008,0.489,13.1,23.6,18.5,8.1,0.8,6,24.9,14.8,,0.3,2,2.3,0.082,,-2.8,1.3,-1.5,0.2
325,Morris Peterson\petermo01,SG,28,TOR,82,3140,15.3,0.561,0.409,0.268,2.4,12.8,7.4,10,1.7,0.4,9.3,19.9,,5.2,0.6,5.9,0.09,,1.4,-1,0.4,1.9
326,Johan Petro\petrojo01,C,20,SEA,68,1282,10.4,0.53,0,0.25,10.1,17.9,13.9,1.8,1,3.1,15.3,13.7,,0.7,0.2,1,0.037,,-3.2,-1.5,-4.7,-0.9
327,Eric Piatkowski\piatker01,SG,35,CHI,29,228,6.2,0.467,0.541,0.082,2,9.5,5.8,8.8,1.4,0.3,14.8,14.7,,-0.2,0.2,0.1,0.018,,-3.8,0.5,-3.4,-0.1
328,Paul Pierce\piercpa01,SF,28,BOS,79,3084,23.6,0.582,0.215,0.555,3.1,17.5,10.5,23.4,1.8,0.8,13,31.2,,8.3,3.2,11.5,0.178,,5,-0.2,4.8,5.3
329,Mickaël Piétrus\pietrmi01,SF,23,GSW,52,1179,10,0.5,0.421,0.342,5.4,10.2,7.7,6.2,1.4,0.6,14,21.1,,-0.3,0.9,0.6,0.024,,-2.3,-0.9,-3.2,-0.4
330,Zoran Planinić\planizo01,PG,23,NJN,56,596,6.9,0.45,0.306,0.361,2.7,12,7.3,15,1.8,0.5,16.9,20.2,,-0.8,0.8,0.1,0.005,,-6.1,0.4,-5.7,-0.6
331,Pavel Podkolzin\podkopa01,C,21,DAL,1,18,2.3,0.323,0,3,0,45.9,23.4,0,0,4.2,30.1,17.2,,-0.1,0,-0.1,-0.135,,-8.3,-0.9,-9.3,0
332,Scot Pollard\pollasc01,C,30,IND,45,771,12.3,0.495,0,0.247,11.3,21,16.3,5.1,2.6,1.9,13.2,11.9,,0.6,1.6,2.1,0.134,,-2.6,2.1,-0.5,0.3
333,James Posey\poseyja01,SF,29,MIA,67,1914,9.8,0.572,0.734,0.154,2.1,16.9,9.8,6.8,1.5,0.8,12.1,11.6,,1.8,2.4,4.2,0.104,,-0.8,1,0.1,1
334,Vitaly Potapenko\potapvi01,C,30,TOT,33,353,7.4,0.535,0,0.239,9.1,12.8,10.9,3.9,0.3,0.4,16.9,12,,0.2,-0.1,0.1,0.012,,-3.7,-3,-6.7,-0.4
334,Vitaly Potapenko\potapvi01,C,30,SEA,24,321,7.4,0.518,0,0.266,9.6,13.7,11.7,3.2,0.3,0.5,16.4,11.9,,0.2,-0.1,0,0.006,,-3.6,-3.2,-6.8,-0.4
334,Vitaly Potapenko\potapvi01,C,30,SAC,9,32,8.2,0.714,0,0,3.7,3.6,3.7,10.6,0,0,22.2,12.9,,0,0,0,0.068,,-4.8,-1.3,-6.1,0
335,Josh Powell\poweljo01,PF,23,DAL,37,429,9.2,0.546,0,0.556,8,14.6,11.4,3.2,0.9,0.7,17.9,13.4,,0.3,0.4,0.7,0.079,,-2.7,-0.9,-3.6,-0.2
336,Ronnie Price\pricero01,PG,22,SAC,29,150,10.5,0.474,0.466,0.207,3.9,7.7,5.8,12.1,2.1,0,13.6,22.4,,-0.1,0.1,0.1,0.021,,-2.5,-0.7,-3.2,0
337,Tayshaun Prince\princta01,SF,25,DET,82,2898,14.8,0.524,0.183,0.238,4.2,10,7.1,10.8,1.2,1,7.6,19.6,,4,3,7,0.115,,0.5,-0.2,0.3,1.7
338,Laron Profit\profila01,SG,28,LAL,25,279,11.8,0.55,0.214,0.286,3.4,14.7,9.1,8.8,2.1,1.4,20.2,19.4,,0,0.3,0.3,0.05,,-2.2,0.4,-1.8,0
339,Joel Przybilla\przybjo01,C,26,POR,56,1395,15.3,0.561,0,0.644,12.4,21.4,16.9,5,0.8,7.1,19.9,13,,1,1.2,2.3,0.078,,-1.4,0.8,-0.6,0.5
340,Vladimir Radmanović\radmavl01,PF,25,TOT,77,1974,13.6,0.545,0.551,0.177,3.9,17.4,10.8,10.9,1.6,1.1,11.8,18.1,,2.3,1.4,3.8,0.091,,1,-0.5,0.5,1.2
340,Vladimir Radmanović\radmavl01,PF,25,SEA,47,1089,13.1,0.529,0.51,0.161,4.3,16.7,10.4,10.4,1.5,1.1,11.4,19.1,,1.3,0.1,1.4,0.062,,0.6,-1.7,-1.1,0.2
340,Vladimir Radmanović\radmavl01,PF,25,LAC,30,885,14.2,0.568,0.61,0.201,3.4,18.3,11.2,11.4,1.7,1.2,12.4,16.8,,1,1.3,2.3,0.127,,1.4,1,2.5,1
341,Shavlik Randolph\randosh01,PF,22,PHI,57,487,12.6,0.511,0,0.732,13.2,18.8,16,5.9,2,1.9,14.1,14,,0.5,0.5,1.1,0.105,,-2.5,-0.4,-2.9,-0.1
342,Zach Randolph\randoza01,PF,24,POR,74,2545,16.9,0.483,0.045,0.279,9,19.1,14,11.4,1.2,0.4,10.7,28.8,,0.4,0.9,1.3,0.024,,0.5,-2.6,-2,0
343,Theo Ratliff\ratlith01,C,32,POR,55,1301,12.2,0.599,0,0.439,8.1,17.8,12.9,3.4,0.8,5.2,17.2,9.9,,1.3,0.7,2,0.074,,-2.2,0.6,-1.6,0.1
344,Željko Rebrača\rebraze01,C,33,LAC,29,412,10.7,0.592,0,0.427,3.8,13.8,9,3.5,0.6,3.5,17.4,15.5,,0.2,0.5,0.7,0.086,,-3.7,0.9,-2.8,-0.1
345,Michael Redd\reddmi01,SG,26,MIL,80,3130,21.2,0.574,0.272,0.377,2.9,10.2,6.5,13.8,1.6,0.1,8.8,28.3,,8.8,2,10.8,0.166,,4.7,-0.9,3.8,4.6
346,Justin Reed\reedju01,SF,24,TOT,72,997,7.9,0.467,0.003,0.407,6.6,8.4,7.5,6.8,1.2,1.1,13,18.9,,-0.4,0.8,0.4,0.021,,-4.8,-1,-5.8,-0.9
346,Justin Reed\reedju01,SF,24,BOS,32,291,3.3,0.409,0,0.541,5.6,6.5,6.1,3.7,0.9,1.1,14.1,16.8,,-0.4,0.1,-0.3,-0.045,,-6.6,-2.1,-8.7,-0.5
346,Justin Reed\reedju01,SF,24,MIN,40,706,9.8,0.488,0.005,0.362,7,9.1,8.1,8.1,1.4,1.2,12.6,19.7,,0,0.7,0.7,0.048,,-4,-0.5,-4.6,-0.5
347,Jason Richardson\richaja01,SG,25,GSW,75,2877,19.2,0.538,0.332,0.285,4,13.2,8.5,15.6,1.7,1,9.4,27.6,,4.5,2.8,7.3,0.122,,3.4,-0.3,3.1,3.7
348,Quentin Richardson\richaqu01,SF,25,NYK,55,1442,9.6,0.452,0.41,0.198,5.4,14.1,9.7,10.3,1.4,0.3,10.1,17.4,,0.2,0.5,0.7,0.023,,-0.8,-1.1,-1.9,0
349,Luke Ridnour\ridnolu01,PG,24,SEA,79,2625,16,0.506,0.186,0.284,2.1,8.8,5.4,32.3,2.5,0.6,15.3,18.1,,4.4,0,4.4,0.081,,1.1,-1.3,-0.2,1.2
350,Anthony Roberson\roberan02,PG,22,MEM,16,88,11.7,0.549,0.323,0.065,0,8.2,4.1,10.7,0.6,0,8.6,19.3,,0.1,0.1,0.2,0.088,,-1.7,-0.7,-2.3,0
351,Lawrence Roberts\roberla01,C,23,MEM,33,181,13.8,0.471,0.045,0.523,17.6,15.3,16.4,4.8,2.5,0.9,8.5,15.9,,0.2,0.3,0.5,0.144,,-2.8,-0.1,-3,-0.1
352,Bernard Robinson\robinbe01,SF,25,CHA,66,1303,12,0.498,0.058,0.367,5.2,14.9,9.7,9.5,3.2,0.6,14.9,17,,0.1,1.6,1.7,0.061,,-2.9,1.1,-1.8,0.1
353,Clifford Robinson\robincl02,PF,39,NJN,80,1863,9.6,0.502,0.341,0.154,3.4,13.5,8.4,8.2,1.3,1.7,10.2,15.4,,0.2,2.7,2.8,0.073,,-2.7,0.7,-1.9,0.1
354,Nate Robinson\robinna01,PG,21,NYK,72,1544,12.6,0.512,0.258,0.358,4.4,8.8,6.6,17,2,0.1,14.8,22.5,,1,0.5,1.5,0.046,,-1,-1.1,-2.1,-0.1
355,Jalen Rose\roseja01,SF-SG,33,TOT,72,1983,13.9,0.538,0.251,0.464,1.7,11.6,6.5,15.5,0.8,0.5,12.2,21.8,,2.5,0,2.5,0.06,,0.5,-2,-1.5,0.2
355,Jalen Rose\roseja01,SF,33,TOR,46,1236,13.5,0.514,0.258,0.487,1.4,11.8,6.4,15,0.9,0.6,10.7,22.7,,1.2,0,1.2,0.045,,-0.3,-2.1,-2.5,-0.1
355,Jalen Rose\roseja01,SG,33,NYK,26,747,14.5,0.582,0.238,0.423,2.1,11.4,6.7,16.2,0.7,0.3,15,20.2,,1.3,0,1.3,0.085,,1.8,-1.8,0,0.4
356,Malik Rose\rosema01,PF,31,NYK,72,1119,10.2,0.466,0.004,0.488,9,19.2,14.1,9.7,2,1,19,17.1,,-0.3,0.8,0.5,0.021,,-2.6,-0.2,-2.8,-0.2
357,Quinton Ross\rossqu01,SF,24,LAC,67,1515,7.4,0.465,0.023,0.244,3,9.7,6.5,7.8,1.8,0.8,12.1,11.8,,-0.2,1.7,1.6,0.05,,-4,1.5,-2.5,-0.2
358,Michael Ruffin\ruffimi01,C,29,WAS,76,1010,8.1,0.479,0.026,0.961,13.6,17.7,15.6,3.7,1.7,2.4,25.8,6.5,,0.6,1.1,1.7,0.081,,-3.4,0.7,-2.7,-0.2
359,Kareem Rush\rushka01,SG,25,CHA,47,1111,9.8,0.471,0.35,0.164,1.8,9.5,5.4,7.7,1.8,0.9,11.4,22.7,,-1,0.7,-0.2,-0.01,,-2.3,-1.1,-3.4,-0.4
360,Bryon Russell\russebr01,SF,35,DEN,1,3,16.4,,,,0,38.5,19.5,43.2,0,0,,0,,0,0,0,0.194,,3.2,5.1,8.2,0
361,John Salmons\salmojo01,SG,26,PHI,82,2059,10.7,0.508,0.167,0.384,2.7,9.8,6.3,16.7,1.8,0.5,17,16.3,,0.5,1.2,1.7,0.04,,-2.3,-0.3,-2.7,-0.3
362,Jamal Sampson\sampsja01,PF,22,SAC,12,39,24.4,0.635,0,0.286,15.2,38.6,27,20.8,0,7.5,0,9.3,,0.2,0.1,0.2,0.293,,4.8,5,9.8,0.1
363,Melvin Sanders\sandeme01,SG,25,SAS,16,113,10.5,0.548,0.091,0.303,4.3,19.4,12,4.3,2.4,0,17.6,19.2,,0,0.2,0.2,0.093,,-5.5,1.6,-3.9,-0.1
364,Brian Scalabrine\scalabr01,PF,27,BOS,71,938,5.9,0.491,0.451,0.187,3.6,11,7.4,8.2,1.2,1.5,19.3,12.7,,-0.4,0.7,0.3,0.015,,-3.5,-0.1,-3.6,-0.4
365,Alex Scales\scaleal01,SG,27,SAS,1,0,,,,,,,,,,,,,,0,0,0,,,-5,-0.7,-5.7,0
366,Luke Schenscher\schenlu01,C,23,CHI,20,149,9.3,0.567,0,0.5,6.2,16.1,11.2,7.3,0.3,1.6,13.6,11.1,,0.1,0.2,0.3,0.095,,-3,1.3,-1.7,0
367,Ha Seung-Jin\seungha01,C,20,POR,27,212,6.9,0.572,0,0.548,7.8,20.2,13.9,0.8,0.8,2.9,26.7,11.7,,-0.1,0.1,0,0.003,,-6.5,-0.7,-7.1,-0.3
368,Wayne Simien\simiewa01,PF,22,MIA,43,414,11.5,0.541,0,0.283,11.3,13.6,12.5,2.7,1.6,0.2,15.1,17.7,,0.4,0.5,0.8,0.096,,-3.6,-0.7,-4.3,-0.2
369,Bobby Simmons\simmobo01,SF,25,MIL,75,2538,13.8,0.559,0.309,0.248,4.2,11.5,7.8,11.2,1.8,0.7,12.1,18.3,,3.3,2,5.3,0.101,,0.2,0.1,0.3,1.5
370,James Singleton\singlja01,SF,24,LAC,59,753,13.6,0.587,0.132,0.331,10.2,19.8,15.2,5.9,1.3,2.1,13.9,12.3,,1.2,1.1,2.3,0.147,,-0.7,1,0.4,0.4
371,Brian Skinner\skinnbr01,PF-C,29,TOT,65,944,10.5,0.517,0,0.35,9.5,19.2,14.3,5,1.4,3.4,19.6,11.4,,0.1,1,1.1,0.057,,-3.1,0.4,-2.7,-0.2
371,Brian Skinner\skinnbr01,PF,29,SAC,38,429,10.8,0.544,0,0.391,8.3,19.2,13.8,6,1.3,3.4,18.2,10.6,,0.2,0.6,0.8,0.094,,-2.5,1.5,-1,0.1
371,Brian Skinner\skinnbr01,C,29,POR,27,515,10.3,0.496,0,0.319,10.6,19.2,14.8,4.1,1.5,3.4,20.6,12,,-0.1,0.4,0.3,0.026,,-3.7,-0.4,-4.1,-0.3
372,Charles Smith\smithch04,SG,30,TOT,22,210,12,0.53,0.528,0.111,1.7,7.6,4.6,7.6,1.3,2.2,5,17.9,,0.2,0,0.3,0.06,,-0.6,-1.1,-1.7,0
372,Charles Smith\smithch04,SG,30,POR,21,208,12.4,0.537,0.521,0.113,1.7,7.6,4.6,7.7,1.3,2.2,5.1,17.9,,0.3,0,0.3,0.066,,-0.4,-1,-1.4,0
372,Charles Smith\smithch04,SG,30,DEN,1,2,-28.1,0,1,0,0,0,0,0,0,0,0,22.4,,0,0,0,-0.511,,-24.5,-8.1,-32.6,0
373,Donta Smith\smithdo04,SG,22,ATL,23,127,12.7,0.589,0.148,0.444,2.8,10.7,6.6,11.4,3.3,0,11,13,,0.2,0.1,0.3,0.104,,-3.1,1.2,-1.9,0
374,J.R. Smith\smithjr01,SG,20,NOK,55,989,12.7,0.515,0.383,0.276,2.2,11.3,6.6,10.3,2,0.3,11.6,21.9,,0.4,0.8,1.2,0.06,,-0.8,-0.2,-1,0.3
375,Joe Smith\smithjo02,PF,30,MIL,44,887,16.1,0.533,0.007,0.377,10.9,20.1,15.4,6,1.4,1.2,10.1,20.4,,1.4,0.9,2.3,0.123,,-1,-1,-2,0
376,Josh Smith\smithjo03,SF,20,ATL,80,2559,15.5,0.5,0.142,0.377,8,17.2,12.5,12.2,1.3,6.2,15.2,18.9,,1.5,2.1,3.6,0.067,,-0.5,0.8,0.3,1.4
377,Eric Snow\snower01,PG,32,CLE,82,2351,8.1,0.444,0.025,0.233,1.9,8.1,5,22.2,1.7,0.6,20.9,10.9,,0,2,2.1,0.042,,-3.6,0.6,-3,-0.6
378,Kirk Snyder\snydeki01,SG,22,NOK,68,1310,14.6,0.537,0.285,0.258,4.9,9.9,7.3,13.9,1.2,1.4,12.2,20.5,,1.4,0.9,2.2,0.082,,1.1,-0.5,0.6,0.9
379,Darius Songaila\songada01,PF,27,CHI,62,1329,13.6,0.524,0.01,0.234,6.6,14.6,10.6,11.5,1.4,0.9,13.6,21.3,,0.7,1.8,2.5,0.09,,-1.5,0.4,-1.1,0.3
380,Pape Sow\sowpa01,C,24,TOR,42,590,9.5,0.496,0,0.463,10.7,19.9,15.1,2,1.9,2.5,16.8,14,,0.2,0.4,0.6,0.045,,-4.9,-0.9,-5.8,-0.6
381,Jerry Stackhouse\stackje01,SG,31,DAL,55,1525,14.5,0.511,0.216,0.367,2.6,9.4,6,18,1.3,0.5,14.7,25.2,,1.2,1.2,2.4,0.076,,0.1,-1.5,-1.5,0.2
382,DeShawn Stevenson\stevede01,SG,24,ORL,82,2648,10.9,0.507,0.019,0.31,2.8,8.3,5.6,10.1,1.2,0.5,12.2,18.1,,1.2,1.3,2.4,0.044,,-1.8,-0.8,-2.5,-0.3
383,Peja Stojaković\stojape01,SF,28,TOT,71,2601,16.7,0.57,0.397,0.255,3.6,14.6,9.3,9.4,0.9,0.3,8.3,22,,5.2,2.8,8,0.147,,2.4,-0.8,1.6,2.3
383,Peja Stojaković\stojape01,SF,28,SAC,31,1147,13.6,0.543,0.422,0.248,3.5,13.2,8.4,10,0.9,0.1,9.8,20.8,,1.4,0.9,2.4,0.099,,0.9,-1.5,-0.6,0.4
383,Peja Stojaković\stojape01,SF,28,IND,40,1454,19.1,0.588,0.379,0.261,3.7,15.8,9.9,9,1,0.4,7.3,22.9,,3.8,1.8,5.6,0.184,,3.5,-0.2,3.3,1.9
384,Awvee Storey\storeaw01,SF,28,WAS,25,116,9.2,0.456,0.171,0.341,7.8,14.5,11,5.6,1.3,0.7,9.6,20,,0,0.1,0.1,0.039,,-4.6,-1.6,-6.2,-0.1
385,Damon Stoudamire\stoudda01,PG,32,MEM,27,862,13.7,0.504,0.362,0.216,3.3,10,6.7,26.6,1.2,0.1,14.9,20.8,,0.7,1,1.7,0.093,,0.4,-0.5,-0.1,0.4
386,Salim Stoudamire\stoudsa01,SG,23,ATL,61,1236,12.5,0.545,0.439,0.224,1.1,10.4,5.6,10.5,1.2,0.2,13.2,22.9,,1.1,0,1.2,0.046,,-0.3,-2.3,-2.5,-0.2
387,Amar'e Stoudemire\stoudam01,C,23,PHO,3,50,17.8,0.42,0.037,0.333,13.6,21.7,17.8,5.9,1,4.2,3.1,28.7,,0,0.1,0.1,0.085,,-2,-2.4,-4.4,0
388,Mike Sweetney\sweetmi01,C,23,CHI,66,1222,13.9,0.499,0,0.459,11.2,21.7,16.5,8.2,0.8,3.6,15.1,23.2,,0.1,2.1,2.1,0.084,,-3.3,0.5,-2.8,-0.3
389,Robert Swift\swiftro01,C,20,SEA,47,987,12.7,0.536,0,0.378,11.3,21.1,16.2,1.2,0.8,4.4,14.8,15,,0.7,0.3,1.1,0.052,,-2.4,-1.5,-3.9,-0.5
390,Stromile Swift\swiftst01,C,26,HOU,66,1344,14.6,0.533,0.004,0.456,9.1,16.1,12.7,3.6,1.5,3,14.2,22.7,,0.4,2.1,2.5,0.091,,-2.8,0.1,-2.7,-0.2
391,Wally Szczerbiak\szczewa02,SF,28,TOT,72,2729,17.7,0.595,0.252,0.306,3.5,10.2,6.9,14.1,0.8,0.5,10.6,22.1,,6.3,1.7,8,0.141,,2.8,-1.2,1.6,2.5
391,Wally Szczerbiak\szczewa02,SF,28,MIN,40,1555,18.1,0.601,0.242,0.308,2.9,11.6,7.3,13.4,0.7,0.7,11.4,23.1,,3.3,1.2,4.6,0.141,,2.8,-0.9,1.9,1.5
391,Wally Szczerbiak\szczewa02,SF,28,BOS,32,1174,17.2,0.586,0.265,0.303,4.4,8.3,6.4,15.1,0.8,0.3,9.5,20.7,,2.9,0.5,3.4,0.14,,2.9,-1.7,1.2,0.9
392,Chris Taft\taftch01,C,20,GSW,17,144,15.6,0.578,0,0.158,14.4,13.5,13.9,2.4,0.7,3.6,4.7,13.2,,0.3,0.1,0.5,0.155,,-0.8,0.2,-0.7,0
393,Donell Taylor\taylodo01,SG,23,WAS,51,465,10.1,0.452,0.125,0.316,3.9,9.5,6.6,15.2,3.4,0.7,18,18.1,,-0.3,0.5,0.2,0.017,,-3.5,1.1,-2.4,0
394,Maurice Taylor\tayloma01,PF,29,NYK,67,1210,8.5,0.496,0.003,0.213,6.5,16.7,11.5,7.9,0.9,0.9,19.5,19.8,,-1,0.4,-0.5,-0.021,,-4.1,-1.5,-5.7,-1.1
395,Sebastian Telfair\telfase01,PG,20,POR,68,1641,13,0.491,0.28,0.303,1.4,7.5,4.4,26.5,2.2,0.3,14.9,22.2,,0.4,0.2,0.6,0.017,,-1.2,-1.6,-2.8,-0.3
396,Jason Terry\terryja01,PG,28,DAL,80,2798,18.4,0.575,0.379,0.191,1.4,5.4,3.4,19.6,2,0.7,10.2,22.2,,7.4,2.3,9.6,0.165,,3.6,-0.2,3.3,3.7
397,Billy Thomas\thomabi01,SG,30,WAS,17,131,9.8,0.465,0.75,0.05,4.3,8.2,6.2,10.6,4,0.6,12.8,16,,0,0.2,0.2,0.063,,-2.5,2.2,-0.2,0.1
398,Etan Thomas\thomaet01,C,27,WAS,71,1121,13.6,0.56,0,0.508,10,19.3,14.5,2,0.9,4.7,14.5,14,,1.2,1.3,2.5,0.107,,-1.8,0,-1.7,0.1
399,James Thomas\thomaja02,PF,25,TOT,22,150,5.4,0.556,0,0.737,9.3,21,15.2,1,0,1.5,21.8,9.8,,0,0.1,0.2,0.052,,-6.1,-1,-7.1,-0.2
399,James Thomas\thomaja02,PF,25,PHI,15,124,4.1,0.574,0,1.077,7.5,21.7,14.6,1.2,0,1.8,26.8,9.6,,0,0.1,0.1,0.033,,-7.3,-0.8,-8.1,-0.2
399,James Thomas\thomaja02,PF,25,CHI,7,26,11.7,0.5,0,0,17.8,17.6,17.7,0,0,0,0,10.4,,0,0,0.1,0.14,,-0.6,-1.7,-2.3,0
400,John Thomas\thomajo02,C,30,TOT,16,127,3.4,0.447,0,0.267,9.1,9.6,9.3,2.4,1.3,1.3,32.3,9.1,,-0.1,0.1,0,-0.017,,-6.5,-2,-8.5,-0.2
400,John Thomas\thomajo02,C,30,MEM,3,25,3.8,1,0,0,0,0,0,6.5,0,3.2,50,7.8,,0,0,0,0.012,,-5.6,0.1,-5.6,0
400,John Thomas\thomajo02,C,30,ATL,11,66,3.1,0.514,0,0.571,5.3,13.1,9.1,2.2,1.6,0,31.3,8.8,,0,0,0,-0.023,,-5.3,-1.2,-6.5,-0.1
400,John Thomas\thomajo02,C,30,NJN,2,36,3.5,0.167,0,0,22.5,9.9,16.3,0,1.5,2.2,25,10.5,,-0.1,0.1,0,-0.027,,-9.2,-4.9,-14.1,-0.1
401,Kenny Thomas\thomake01,PF,28,SAC,82,2293,15,0.539,0.002,0.338,10.3,21.2,15.8,12,1.6,1.2,16.3,16.6,,2.2,3.3,5.5,0.115,,-0.7,0.6,0,1.1
402,Kurt Thomas\thomaku01,C,33,PHO,53,1411,13.1,0.527,0,0.235,8.2,24.1,16.3,5.6,0.8,2.7,11.7,15.5,,1.3,2,3.3,0.112,,-2.6,0.8,-1.8,0.1
403,Tim Thomas\thomati01,PF-SF,28,TOT,29,666,12.2,0.535,0.424,0.16,3.8,17.8,10.9,4.4,1.2,0.7,10.5,21.1,,0.2,0.7,0.9,0.065,,-1.7,-1.4,-3.1,-0.2
403,Tim Thomas\thomati01,SF,28,CHI,3,32,8.5,0.406,0.375,0,0,14.3,7.2,11,0,2.4,5.9,24,,-0.1,0,0,-0.031,,-1.5,-0.6,-2.1,0
403,Tim Thomas\thomati01,PF,28,PHO,26,634,12.4,0.543,0.427,0.171,3.9,18,11.1,4.1,1.3,0.7,10.8,21,,0.2,0.7,0.9,0.069,,-1.7,-1.5,-3.2,-0.2
404,Dijon Thompson\thompdi01,SG,22,PHO,10,43,22,0.541,0.44,0.08,10.6,17.7,14.2,3.9,3.5,1.6,7.2,29.1,,0.1,0.1,0.1,0.146,,1.7,1.2,2.9,0.1
405,Jamaal Tinsley\tinslja01,PG,27,IND,42,1122,12.1,0.458,0.181,0.236,3.7,9.8,6.8,33.3,2.3,0.4,20.4,22.2,,-0.8,1.5,0.7,0.031,,-1.8,0.3,-1.6,0.1
406,Jake Tsakalidis\tsakaja01,C,26,MEM,51,732,17.3,0.632,0,0.527,13.1,22,17.6,3.2,1.1,3.5,16.1,16.1,,1.5,1.4,2.8,0.186,,-0.9,0.4,-0.5,0.3
407,Nikoloz Tskitishvili\tskitni01,SF-PF,22,TOT,17,99,8.3,0.417,0.081,0.378,10.3,14.4,12.4,4.2,0.5,1.4,12.2,22.4,,-0.1,0.1,0,-0.023,,-4.8,-2.7,-7.5,-0.1
407,Nikoloz Tskitishvili\tskitni01,PF,22,MIN,5,13,-6.7,0.307,0,0.5,0,18,9.2,0,0,0,29.1,25.1,,-0.1,0,-0.1,-0.331,,-13.1,-5.5,-18.6,-0.1
407,Nikoloz Tskitishvili\tskitni01,SF,22,PHO,12,86,10.6,0.431,0.091,0.364,11.9,13.9,12.9,4.8,0.6,1.6,9.5,22,,0,0.1,0,0.024,,-3.5,-2.3,-5.8,-0.1
408,Ronny Turiaf\turiaro01,C,23,LAL,23,161,12.2,0.537,0,0.9,8.1,19,13.5,7.5,1,4.7,14.3,13.8,,0.2,0.2,0.4,0.115,,-3.8,1.1,-2.7,0
409,Hedo Türkoğlu\turkohe01,SF,26,ORL,78,2615,16.7,0.578,0.323,0.338,3.4,12.1,7.9,14.3,1.5,0.6,11.4,20.6,,5.8,1.9,7.6,0.14,,2.1,-0.2,2,2.5
410,Ime Udoka\udokaim01,SF,28,NYK,8,114,6.1,0.413,0.125,0.25,3.2,15.1,9.1,8.4,0.5,0,7,11.4,,0,0,0,0.001,,-3.3,-2.2,-5.4,-0.1
411,Beno Udrih\udrihbe01,PG,23,SAS,54,586,15.3,0.539,0.3,0.215,3.7,6.7,5.2,27.3,1.3,0.2,17.2,25.1,,0.5,0.8,1.3,0.109,,0.2,-1.2,-1,0.1
412,Nick Van Exel\vanexni01,PG,34,SAS,65,986,11,0.492,0.449,0.12,0.7,9.9,5.5,20.2,0.9,0.2,13.6,20.2,,0.1,1.3,1.4,0.07,,-0.9,-0.2,-1.1,0.2
413,Keith Van Horn\vanhoke01,SF,30,DAL,53,1090,13.8,0.54,0.351,0.292,6.1,15,10.6,5.7,1.6,0.8,14,21.8,,1.1,1.2,2.3,0.101,,-0.3,-0.9,-1.2,0.2
414,Anderson Varejão\varejan01,C,23,CLE,48,760,14.8,0.541,0.007,0.793,11.9,24.8,18.3,4,2.2,1.9,11.8,14,,1.1,1.3,2.3,0.146,,-1.5,0.7,-0.8,0.2
415,Jacque Vaughn\vaughja01,SG,30,NJN,80,1234,7.5,0.488,0.024,0.331,1.5,7.2,4.3,16.2,1.8,0.1,15.6,12.7,,0,1.5,1.5,0.06,,-5.3,1.1,-4.1,-0.7
416,Charlie Villanueva\villach01,PF,21,TOR,81,2361,16.4,0.521,0.228,0.17,9,18.4,13.5,6.5,1.3,2.1,8.9,21.7,,2.9,1,3.9,0.079,,0.7,-1.6,-0.9,0.6
417,Jake Voskuhl\voskuja01,C,28,CHA,51,818,11,0.47,0.011,0.23,8.3,18.3,13,7.9,1.6,2.2,10.3,17.4,,0.2,0.9,1,0.061,,-4.4,0,-4.4,-0.5
418,Jackson Vroman\vromaja01,PF,24,NOK,41,406,5.9,0.428,0,0.667,9.4,16,12.6,4.2,1.6,2.2,19.7,12.2,,-0.3,0.4,0.1,0.014,,-6.2,0.5,-5.7,-0.4
419,Sasha Vujačić\vujacsa01,PG,21,LAL,82,1449,8.4,0.479,0.551,0.167,2.7,10.2,6.5,14.1,1.7,0.2,13,12.1,,0.8,1.2,2,0.066,,-2.6,0.4,-2.2,-0.1
420,Dwyane Wade\wadedw01,SG,24,MIA,75,2892,27.6,0.577,0.054,0.568,4.5,12.6,8.7,33,2.6,1.5,13.2,32.5,,10.2,4.2,14.4,0.239,,5.9,1.8,7.7,7.1
421,Von Wafer\wafervo01,SG,20,LAL,16,73,-1.6,0.241,0.447,0.211,8.1,4.8,6.4,8.2,2.2,0,2.4,26.6,,-0.3,0.1,-0.3,-0.174,,-9.9,-4.1,-14,-0.2
422,Antoine Walker\walkean02,PF,29,MIA,82,2199,14.4,0.524,0.427,0.144,5.8,16.3,11.3,12.8,1.1,1,13.6,23.2,,1.1,2.5,3.6,0.08,,1.1,-0.7,0.4,1.3
423,Samaki Walker\walkesa01,PF,29,IND,7,22,-6.2,0.347,0,1,0,15.3,7.9,0,0,3.3,41,10.3,,-0.1,0,0,-0.091,,-13.9,1.7,-12.2,-0.1
424,Ben Wallace\wallabe01,C,31,DET,82,2890,17.5,0.501,0.009,0.637,12.2,25.9,19,8.2,2.8,4.6,12.9,11.2,,3.3,6.9,10.1,0.168,,0.4,3.1,3.5,4
425,Gerald Wallace\wallage01,SF,23,CHA,55,1895,21.3,0.578,0.085,0.52,7.1,18.9,12.6,8.8,3.7,4.7,12,19.3,,3,3.4,6.4,0.163,,2,2.9,4.9,3.2
426,Rasheed Wallace\wallara01,PF,31,DET,80,2780,17.6,0.527,0.407,0.172,3.8,19.8,11.7,11.2,1.6,3.4,6.9,21.1,,4,4.9,8.9,0.154,,1.8,1.9,3.7,4
427,Matt Walsh\walshma01,SG,23,MIA,2,3,-2.4,0.532,0,2,0,0,0,0,0,0,34.7,44.3,,0,0,0,-0.642,,-8.8,-6.9,-15.7,0
428,Luke Walton\waltolu01,SF,25,LAL,69,1333,11.6,0.477,0.168,0.232,7.8,14,10.9,17.9,1.6,0.9,17.7,15,,0.6,1.3,2,0.071,,-1.1,0,-1.1,0.3
429,Hakim Warrick\warriha01,PF,23,MEM,68,724,11,0.499,0,0.504,7.3,16.8,12.1,7.5,1.1,2.3,16.7,22.5,,-0.3,1.1,0.8,0.053,,-4.9,-0.1,-5,-0.5
430,Earl Watson\watsoea01,PG,26,TOT,70,1578,14.6,0.558,0.534,0.218,1.8,10.1,5.9,29,2.2,0.5,19.6,19.7,,1.7,1,2.7,0.081,,0.9,-0.7,0.2,0.9
430,Earl Watson\watsoea01,PG,26,DEN,46,975,12.8,0.563,0.61,0.209,2.1,8.2,5.2,25.3,1.9,0.5,19.6,17.6,,0.8,0.8,1.6,0.08,,0.2,-0.3,-0.1,0.4
430,Earl Watson\watsoea01,PG,26,SEA,24,603,17.3,0.552,0.441,0.229,1.4,13.2,7.2,34.9,2.7,0.4,19.6,23.1,,0.9,0.1,1.1,0.084,,2,-1.2,0.8,0.4
431,Chris Webber\webbech01,PF,32,PHI,75,2893,18.4,0.482,0.054,0.245,7.4,22.6,15,16.4,1.8,1.6,10.4,27.7,,1.1,3.3,4.4,0.074,,0.6,-0.7,-0.1,1.3
432,Martell Webster\webstma02,SF,19,POR,61,1070,11.6,0.533,0.523,0.204,3.2,11.5,7.3,5.5,1.1,1,10.2,18.7,,0.8,0.1,0.9,0.039,,-0.3,-2.2,-2.5,-0.1
433,Bonzi Wells\wellsbo01,SG,29,SAC,52,1684,16.6,0.507,0.073,0.31,10,17.8,13.9,14.8,2.9,1.1,15.3,22.4,,0.7,2.7,3.4,0.096,,-0.4,0.8,0.4,1
434,Jiří Welsch\welscji01,SF,26,MIL,58,866,9.8,0.482,0.221,0.392,3,12.4,7.6,11,2.1,0.1,13.6,15.9,,0.1,0.7,0.8,0.043,,-2.6,0.4,-2.2,0
435,David Wesley\wesleda01,SG,35,HOU,71,2372,9.6,0.546,0.483,0.333,1.2,7.5,4.4,14.6,1.4,0.2,15.7,15.3,,1.4,2.2,3.6,0.072,,-2.2,0.2,-2,0
436,David West\westda01,PF,25,NOK,74,2526,19.7,0.554,0.011,0.228,7.7,18.4,12.9,7.2,1.3,2.1,8.4,23,,4.8,2.6,7.4,0.141,,1.8,-0.3,1.4,2.2
437,Delonte West\westde01,PG,22,BOS,71,2418,15.1,0.574,0.319,0.148,2.9,11.4,7.3,22.5,1.8,1.5,15.4,16.4,,3.6,2.1,5.7,0.114,,1.2,0.7,1.9,2.4
438,Robert Whaley\whalero01,C,23,UTA,23,212,7.6,0.411,0,0.105,9.1,15.6,12.3,13.8,1.8,3.1,19,16.1,,-0.2,0.3,0,0.004,,-5.6,0.5,-5.1,-0.2
439,Chris Wilcox\wilcoch01,C-PF,23,TOT,77,1529,17.3,0.605,0.004,0.34,9.3,22.5,15.9,5.7,1.1,1.7,12.2,17.5,,3.2,1.2,4.4,0.138,,0.4,-0.5,-0.1,0.7
439,Chris Wilcox\wilcoch01,C,23,LAC,48,657,13.2,0.562,0.012,0.351,8.5,21.5,15.3,4.4,1.2,2.4,14.2,15.9,,0.6,1,1.6,0.119,,-2.4,1.1,-1.3,0.1
439,Chris Wilcox\wilcoch01,PF,23,SEA,29,872,20.4,0.631,0,0.333,9.8,23.2,16.4,6.7,1.1,1.1,11,18.7,,2.6,0.2,2.8,0.153,,2.5,-1.6,0.8,0.6
440,Damien Wilkins\wilkida02,SF,26,SEA,82,1525,13.1,0.529,0.129,0.372,6.2,9.1,7.6,10.8,2.5,0.6,14.4,17.4,,1.7,0.1,1.7,0.054,,-0.8,-0.9,-1.6,0.1
441,Mike Wilks\wilksmi01,PG,26,TOT,47,348,5.8,0.398,0.211,0.456,3.1,10.4,6.7,13.9,2.1,0.2,18.2,17.3,,-0.5,0.2,-0.3,-0.042,,-5.7,-0.1,-5.8,-0.3
441,Mike Wilks\wilksmi01,PG,26,CLE,37,243,2,0.327,0.237,0.203,2.9,10.3,6.6,11.2,1.8,0.3,18.9,15.1,,-0.6,0.2,-0.4,-0.075,,-7.6,0.1,-7.5,-0.3
441,Mike Wilks\wilksmi01,PG,26,SEA,10,105,14.6,0.503,0.161,0.935,3.4,10.5,6.9,20.2,3,0,17.1,22.5,,0.1,0,0.1,0.035,,-1.3,-0.4,-1.7,0
442,Aaron Williams\williaa01,C,34,TOT,48,791,11.6,0.551,0,0.33,9.4,18.2,13.6,3.6,1.2,2.2,13,13.7,,0.8,0.8,1.6,0.096,,-3.2,-0.4,-3.6,-0.3
442,Aaron Williams\williaa01,C,34,TOR,14,99,7.2,0.578,0,0.316,5.9,12.9,9.3,1.5,2.1,2.4,18.8,12.4,,0,0.1,0.1,0.048,,-6.6,0.6,-6,-0.1
442,Aaron Williams\williaa01,C,34,NOK,34,692,12.2,0.548,0,0.331,9.9,18.9,14.3,3.9,1,2.1,12.2,13.8,,0.8,0.7,1.5,0.103,,-2.7,-0.6,-3.3,-0.2
443,Alvin Williams\willial02,PG,31,TOR,1,10,-4.7,0.129,0.667,0.667,0,38.3,18.3,0,0,0,0,17.9,,-0.1,0,-0.1,-0.278,,-10.6,-4.5,-15.1,0
444,Deron Williams\willide01,PG,21,UTA,80,2307,12.4,0.5,0.272,0.168,1.8,8.4,5.1,28.6,1.4,0.6,14.4,20.3,,1.5,1.3,2.8,0.059,,-0.5,-1.2,-1.7,0.2
445,Eric Williams\willier01,SF,33,TOR,28,352,6.8,0.496,0.24,0.507,3.3,14.5,8.7,6.3,1,0.4,14.1,14,,0,0,0.1,0.011,,-4.3,-1.4,-5.7,-0.3
446,Jason Williams\willija02,PG,30,MIA,59,1874,15,0.561,0.475,0.162,0.4,8,4.4,24.5,1.5,0.2,13.3,18.5,,3.2,1.6,4.8,0.124,,1.7,-0.5,1.1,1.5
447,Lou Williams\willilo02,PG,19,PHI,30,145,9,0.485,0.173,0.25,2.4,12.9,7.7,11.6,1.8,0,18.4,22.2,,-0.2,0.1,-0.1,-0.036,,-4.9,-1.4,-6.3,-0.2
448,Marvin Williams\willima02,PF,19,ATL,79,1952,12.2,0.523,0.1,0.476,7.3,16.5,11.8,5.2,1.3,0.9,11.4,16.9,,2.1,0.7,2.8,0.069,,-1.8,-1.7,-3.5,-0.7
449,Mo Williams\willima01,PG,23,MIL,58,1531,15,0.518,0.304,0.18,2.3,8.9,5.5,26.1,1.8,0.4,13.4,23.4,,1.5,1,2.5,0.079,,0.8,-0.8,0,0.8
450,Corliss Williamson\willico02,SF,32,SAC,37,362,8.1,0.506,0.019,0.476,6.9,14.7,10.8,6.2,1,0.8,19.4,19.6,,-0.2,0.4,0.2,0.021,,-5.1,-0.8,-5.9,-0.4
451,Loren Woods\woodslo01,C,27,TOR,27,324,12.3,0.476,0.017,0.237,15.9,26,20.8,1.8,1.5,5.6,19.7,11.6,,0.1,0.3,0.4,0.064,,-2.6,0.2,-2.4,0
452,Qyntel Woods\woodsqy01,SF,24,NYK,49,1013,12.4,0.572,0.236,0.299,5.2,17.7,11.4,8,1.7,1.1,17.5,15.6,,0.7,0.6,1.3,0.061,,-0.2,-0.6,-0.8,0.3
453,Metta World Peace\artesro01,SF,26,TOT,56,2207,15.2,0.491,0.292,0.352,4,11,7.6,15.8,2.9,1.4,11.6,23.6,,0.5,3.2,3.7,0.081,,-0.2,1.3,1.1,1.7
453,Metta World Peace\artesro01,SF,26,IND,16,603,18.1,0.534,0.228,0.511,5.1,9.6,7.5,11.1,3.7,1.3,12.9,25.7,,0.4,1.1,1.5,0.117,,0.8,2.2,3,0.8
453,Metta World Peace\artesro01,SF,26,SAC,40,1604,14.1,0.474,0.316,0.292,3.6,11.5,7.6,17.6,2.6,1.4,11,22.8,,0.1,2.1,2.2,0.067,,-0.6,1,0.4,1
454,Antoine Wright\wrighan01,SG,21,NJN,39,370,0.7,0.386,0.185,0.272,2.5,7.1,4.8,5.2,0.6,0.7,18.8,14.2,,-0.8,0.3,-0.5,-0.062,,-7.9,-0.9,-8.8,-0.6
455,Bracey Wright\wrighbr02,SG,21,MIN,7,135,12.1,0.534,0.333,0.314,2.7,13,8,6.5,0.4,0,12.1,23.2,,0.1,0.1,0.2,0.054,,-0.5,-2.2,-2.7,0
456,Dorell Wright\wrighdo01,SF,20,MIA,20,132,13.2,0.574,0.14,0.395,1.9,25.6,14.3,9.8,1.2,0.6,21.7,22.6,,0,0.2,0.2,0.064,,-2.6,0,-2.6,0
457,Lorenzen Wright\wrighlo02,C,30,MEM,78,1689,12.2,0.496,0.005,0.288,10.3,18,14.2,4.9,1.7,2.2,12.8,15.1,,0.8,3,3.7,0.106,,-2.7,0.7,-2.1,0
458,Derrick Zimmerman\zimmede01,PG,24,NJN,2,32,5.5,0.667,0,0,3.6,11.2,7.3,34.2,0,0,57.1,10.3,,0,0,0,0.004,,-7.7,-2.7,-10.4,-0.1